timeStamp,elapsed,label,responseCode,responseMessage,threadName,dataType,success,failureMessage,bytes,sentBytes,grpThreads,allThreads,URL,Latency,IdleTime,Connect
1583796108796,65,AutomationPerformanceTest,405,,AutomationThreadGroup 1-1,text,false, ,345,220,1,1,http://localhost:8086/peripherals/fedexoffice/v1/claims/9a92676f/abcd/mai,64,0,43
1583796108872,5,AutomationPerformanceTest,405,,AutomationThreadGroup 1-1,text,false, ,345,220,1,1,http://localhost:8086/peripherals/fedexoffice/v1/claims/9a92676f/abcd/mai,5,0,1
1583796108877,4,AutomationPerformanceTest,405,,AutomationThreadGroup 1-1,text,false, ,345,220,1,1,http://localhost:8086/peripherals/fedexoffice/v1/claims/9a92676f/abcd/mai,4,0,1
1583796108882,3,AutomationPerformanceTest,405,,AutomationThreadGroup 1-1,text,false, ,345,220,1,1,http://localhost:8086/peripherals/fedexoffice/v1/claims/9a92676f/abcd/mai,3,0,0
1583796108886,4,AutomationPerformanceTest,405,,AutomationThreadGroup 1-1,text,false, ,345,220,1,1,http://localhost:8086/peripherals/fedexoffice/v1/claims/9a92676f/abcd/mai,4,0,0
1583796108890,5,AutomationPerformanceTest,405,,AutomationThreadGroup 1-1,text,false, ,345,248,1,1,http://localhost:8086/peripherals/fedexoffice/v1/claims/9a92676f-fbfe-43ad-8a28-3a16f16aca7b/abcd/mai,5,0,1
1583796108896,4,AutomationPerformanceTest,405,,AutomationThreadGroup 1-1,text,false, ,345,248,1,1,http://localhost:8086/peripherals/fedexoffice/v1/claims/9a92676f-fbfe-43ad-8a28-3a16f16aca7b/abcd/mai,3,0,0
1583796108900,4,AutomationPerformanceTest,405,,AutomationThreadGroup 1-1,text,false, ,345,248,1,1,http://localhost:8086/peripherals/fedexoffice/v1/claims/9a92676f-fbfe-43ad-8a28-3a16f16aca7b/abcd/mai,4,0,1
1583796108905,3,AutomationPerformanceTest,405,,AutomationThreadGroup 1-1,text,false, ,345,248,1,1,http://localhost:8086/peripherals/fedexoffice/v1/claims/9a92676f-fbfe-43ad-8a28-3a16f16aca7b/abcd/mai,3,0,0
1583796108909,4,AutomationPerformanceTest,405,,AutomationThreadGroup 1-1,text,false, ,345,248,1,1,http://localhost:8086/peripherals/fedexoffice/v1/claims/9a92676f-fbfe-43ad-8a28-3a16f16aca7b/abcd/mai,4,0,0
1583796108914,4,AutomationPerformanceTest,405,,AutomationThreadGroup 1-1,text,false, ,345,248,1,1,http://localhost:8086/peripherals/fedexoffice/v1/claims/9a92676f-fbfe-43ad-8a28-3a16f16aca7b/abcd/mai,4,0,0
1583796108918,4,AutomationPerformanceTest,405,,AutomationThreadGroup 1-1,text,false, ,345,248,1,1,http://localhost:8086/peripherals/fedexoffice/v1/claims/9a92676f-fbfe-43ad-8a28-3a16f16aca7b/abcd/mai,4,0,1
1583796108923,3,AutomationPerformanceTest,405,,AutomationThreadGroup 1-1,text,false, ,345,248,1,1,http://localhost:8086/peripherals/fedexoffice/v1/claims/9a92676f-fbfe-43ad-8a28-3a16f16aca7b/abcd/mai,3,0,0
1583796108927,4,AutomationPerformanceTest,405,,AutomationThreadGroup 1-1,text,false, ,345,248,1,1,http://localhost:8086/peripherals/fedexoffice/v1/claims/9a92676f-fbfe-43ad-8a28-3a16f16aca7b/abcd/mai,4,0,1
1583796108931,4,AutomationPerformanceTest,405,,AutomationThreadGroup 1-1,text,false, ,345,248,1,1,http://localhost:8086/peripherals/fedexoffice/v1/claims/9a92676f-fbfe-43ad-8a28-3a16f16aca7b/abcd/mai,4,0,1
1583796108936,4,AutomationPerformanceTest,405,,AutomationThreadGroup 1-1,text,false, ,345,248,1,1,http://localhost:8086/peripherals/fedexoffice/v1/claims/9a92676f-fbfe-43ad-8a28-3a16f16aca7b/abcd/mai,4,0,0
1583796108940,5,AutomationPerformanceTest,405,,AutomationThreadGroup 1-1,text,false, ,345,248,1,1,http://localhost:8086/peripherals/fedexoffice/v1/claims/9a92676f-fbfe-43ad-8a28-3a16f16aca7b/abcd/mai,5,0,1
1583796108945,4,AutomationPerformanceTest,405,,AutomationThreadGroup 1-1,text,false, ,345,248,1,1,http://localhost:8086/peripherals/fedexoffice/v1/claims/9a92676f-fbfe-43ad-8a28-3a16f16aca7b/abcd/mai,4,0,1
1583796108949,5,AutomationPerformanceTest,405,,AutomationThreadGroup 1-1,text,false, ,345,248,1,1,http://localhost:8086/peripherals/fedexoffice/v1/claims/9a92676f-fbfe-43ad-8a28-3a16f16aca7b/abcd/mai,5,0,1
1583796108954,5,AutomationPerformanceTest,405,,AutomationThreadGroup 1-1,text,false, ,345,248,1,1,http://localhost:8086/peripherals/fedexoffice/v1/claims/9a92676f-fbfe-43ad-8a28-3a16f16aca7b/abcd/mai,5,0,1
1583796108960,4,AutomationPerformanceTest,405,,AutomationThreadGroup 1-1,text,false, ,345,248,1,1,http://localhost:8086/peripherals/fedexoffice/v1/claims/9a92676f-fbfe-43ad-8a28-3a16f16aca7b/abcd/mai,4,0,0
1583796108964,16,AutomationPerformanceTest,405,,AutomationThreadGroup 1-1,text,false, ,345,248,1,1,http://localhost:8086/peripherals/fedexoffice/v1/claims/9a92676f-fbfe-43ad-8a28-3a16f16aca7b/abcd/mai,16,0,1
1583796108980,5,AutomationPerformanceTest,405,,AutomationThreadGroup 1-1,text,false, ,345,248,1,1,http://localhost:8086/peripherals/fedexoffice/v1/claims/9a92676f-fbfe-43ad-8a28-3a16f16aca7b/abcd/mai,4,0,1
1583796108985,5,AutomationPerformanceTest,405,,AutomationThreadGroup 1-1,text,false, ,345,248,1,1,http://localhost:8086/peripherals/fedexoffice/v1/claims/9a92676f-fbfe-43ad-8a28-3a16f16aca7b/abcd/mai,5,0,1
1583796108990,4,AutomationPerformanceTest,405,,AutomationThreadGroup 1-1,text,false, ,345,248,1,1,http://localhost:8086/peripherals/fedexoffice/v1/claims/9a92676f-fbfe-43ad-8a28-3a16f16aca7b/abcd/mai,4,0,1
1583796108995,4,AutomationPerformanceTest,405,,AutomationThreadGroup 1-1,text,false, ,345,248,1,1,http://localhost:8086/peripherals/fedexoffice/v1/claims/9a92676f-fbfe-43ad-8a28-3a16f16aca7b/abcd/mai,4,0,0
1583796108999,4,AutomationPerformanceTest,405,,AutomationThreadGroup 1-1,text,false, ,345,248,1,1,http://localhost:8086/peripherals/fedexoffice/v1/claims/9a92676f-fbfe-43ad-8a28-3a16f16aca7b/abcd/mai,4,0,1
1583796109004,4,AutomationPerformanceTest,405,,AutomationThreadGroup 1-1,text,false, ,345,248,1,1,http://localhost:8086/peripherals/fedexoffice/v1/claims/9a92676f-fbfe-43ad-8a28-3a16f16aca7b/abcd/mai,4,0,0
1583796109008,4,AutomationPerformanceTest,405,,AutomationThreadGroup 1-1,text,false, ,345,248,1,1,http://localhost:8086/peripherals/fedexoffice/v1/claims/9a92676f-fbfe-43ad-8a28-3a16f16aca7b/abcd/mai,4,0,1
1583796109013,3,AutomationPerformanceTest,405,,AutomationThreadGroup 1-1,text,false, ,345,248,1,1,http://localhost:8086/peripherals/fedexoffice/v1/claims/9a92676f-fbfe-43ad-8a28-3a16f16aca7b/abcd/mai,3,0,0
1583796109017,3,AutomationPerformanceTest,405,,AutomationThreadGroup 1-1,text,false, ,345,248,1,1,http://localhost:8086/peripherals/fedexoffice/v1/claims/9a92676f-fbfe-43ad-8a28-3a16f16aca7b/abcd/mai,3,0,0
1583796109021,4,AutomationPerformanceTest,405,,AutomationThreadGroup 1-1,text,false, ,345,248,1,1,http://localhost:8086/peripherals/fedexoffice/v1/claims/9a92676f-fbfe-43ad-8a28-3a16f16aca7b/abcd/mai,4,0,0
1583796109025,5,AutomationPerformanceTest,405,,AutomationThreadGroup 1-1,text,false, ,345,248,1,1,http://localhost:8086/peripherals/fedexoffice/v1/claims/9a92676f-fbfe-43ad-8a28-3a16f16aca7b/abcd/mai,5,0,1
1583796109030,5,AutomationPerformanceTest,405,,AutomationThreadGroup 1-1,text,false, ,345,248,1,1,http://localhost:8086/peripherals/fedexoffice/v1/claims/9a92676f-fbfe-43ad-8a28-3a16f16aca7b/abcd/mai,5,0,1
1583796109035,4,AutomationPerformanceTest,405,,AutomationThreadGroup 1-1,text,false, ,345,248,1,1,http://localhost:8086/peripherals/fedexoffice/v1/claims/9a92676f-fbfe-43ad-8a28-3a16f16aca7b/abcd/mai,4,0,1
1583796109040,5,AutomationPerformanceTest,405,,AutomationThreadGroup 1-1,text,false, ,345,248,1,1,http://localhost:8086/peripherals/fedexoffice/v1/claims/9a92676f-fbfe-43ad-8a28-3a16f16aca7b/abcd/mai,5,0,1
1583796109046,5,AutomationPerformanceTest,405,,AutomationThreadGroup 1-1,text,false, ,345,248,1,1,http://localhost:8086/peripherals/fedexoffice/v1/claims/9a92676f-fbfe-43ad-8a28-3a16f16aca7b/abcd/mai,4,0,0
1583796109051,5,AutomationPerformanceTest,405,,AutomationThreadGroup 1-1,text,false, ,345,248,1,1,http://localhost:8086/peripherals/fedexoffice/v1/claims/9a92676f-fbfe-43ad-8a28-3a16f16aca7b/abcd/mai,4,0,1
1583796109056,4,AutomationPerformanceTest,405,,AutomationThreadGroup 1-1,text,false, ,345,248,1,1,http://localhost:8086/peripherals/fedexoffice/v1/claims/9a92676f-fbfe-43ad-8a28-3a16f16aca7b/abcd/mai,4,0,1
1583796109061,4,AutomationPerformanceTest,405,,AutomationThreadGroup 1-1,text,false, ,345,248,1,1,http://localhost:8086/peripherals/fedexoffice/v1/claims/9a92676f-fbfe-43ad-8a28-3a16f16aca7b/abcd/mai,3,0,0
1583796109065,5,AutomationPerformanceTest,405,,AutomationThreadGroup 1-1,text,false, ,345,248,1,1,http://localhost:8086/peripherals/fedexoffice/v1/claims/9a92676f-fbfe-43ad-8a28-3a16f16aca7b/abcd/mai,4,0,1
1583796109070,5,AutomationPerformanceTest,405,,AutomationThreadGroup 1-1,text,false, ,345,248,1,1,http://localhost:8086/peripherals/fedexoffice/v1/claims/9a92676f-fbfe-43ad-8a28-3a16f16aca7b/abcd/mai,4,0,0
1583796109075,4,AutomationPerformanceTest,405,,AutomationThreadGroup 1-1,text,false, ,345,248,1,1,http://localhost:8086/peripherals/fedexoffice/v1/claims/9a92676f-fbfe-43ad-8a28-3a16f16aca7b/abcd/mai,4,0,1
1583796109080,4,AutomationPerformanceTest,405,,AutomationThreadGroup 1-1,text,false, ,345,248,1,1,http://localhost:8086/peripherals/fedexoffice/v1/claims/9a92676f-fbfe-43ad-8a28-3a16f16aca7b/abcd/mai,3,0,0
1583796109084,3,AutomationPerformanceTest,405,,AutomationThreadGroup 1-1,text,false, ,345,248,1,1,http://localhost:8086/peripherals/fedexoffice/v1/claims/9a92676f-fbfe-43ad-8a28-3a16f16aca7b/abcd/mai,3,0,0
1583796109088,4,AutomationPerformanceTest,405,,AutomationThreadGroup 1-1,text,false, ,345,248,1,1,http://localhost:8086/peripherals/fedexoffice/v1/claims/9a92676f-fbfe-43ad-8a28-3a16f16aca7b/abcd/mai,4,0,0
1583796109093,4,AutomationPerformanceTest,405,,AutomationThreadGroup 1-1,text,false, ,345,248,1,1,http://localhost:8086/peripherals/fedexoffice/v1/claims/9a92676f-fbfe-43ad-8a28-3a16f16aca7b/abcd/mai,4,0,0
1583796109098,3,AutomationPerformanceTest,405,,AutomationThreadGroup 1-1,text,false, ,345,248,1,1,http://localhost:8086/peripherals/fedexoffice/v1/claims/9a92676f-fbfe-43ad-8a28-3a16f16aca7b/abcd/mai,3,0,0
1583796109102,3,AutomationPerformanceTest,405,,AutomationThreadGroup 1-1,text,false, ,345,248,1,1,http://localhost:8086/peripherals/fedexoffice/v1/claims/9a92676f-fbfe-43ad-8a28-3a16f16aca7b/abcd/mai,3,0,0
1583796109106,5,AutomationPerformanceTest,405,,AutomationThreadGroup 1-1,text,false, ,345,248,2,2,http://localhost:8086/peripherals/fedexoffice/v1/claims/9a92676f-fbfe-43ad-8a28-3a16f16aca7b/abcd/mai,5,0,0
1583796109108,4,AutomationPerformanceTest,405,,AutomationThreadGroup 1-2,text,false, ,345,220,2,2,http://localhost:8086/peripherals/fedexoffice/v1/claims/9a92676f/abcd/mai,4,0,1
1583796109111,5,AutomationPerformanceTest,405,,AutomationThreadGroup 1-1,text,false, ,345,248,2,2,http://localhost:8086/peripherals/fedexoffice/v1/claims/9a92676f-fbfe-43ad-8a28-3a16f16aca7b/abcd/mai,5,0,1
1583796109113,5,AutomationPerformanceTest,405,,AutomationThreadGroup 1-2,text,false, ,345,220,2,2,http://localhost:8086/peripherals/fedexoffice/v1/claims/9a92676f/abcd/mai,5,0,1
1583796109116,5,AutomationPerformanceTest,405,,AutomationThreadGroup 1-1,text,false, ,345,248,2,2,http://localhost:8086/peripherals/fedexoffice/v1/claims/9a92676f-fbfe-43ad-8a28-3a16f16aca7b/abcd/mai,5,0,1
1583796109118,4,AutomationPerformanceTest,405,,AutomationThreadGroup 1-2,text,false, ,345,220,2,2,http://localhost:8086/peripherals/fedexoffice/v1/claims/9a92676f/abcd/mai,4,0,1
1583796109121,5,AutomationPerformanceTest,405,,AutomationThreadGroup 1-1,text,false, ,345,248,2,2,http://localhost:8086/peripherals/fedexoffice/v1/claims/9a92676f-fbfe-43ad-8a28-3a16f16aca7b/abcd/mai,5,0,1
1583796109122,4,AutomationPerformanceTest,405,,AutomationThreadGroup 1-2,text,false, ,345,220,2,2,http://localhost:8086/peripherals/fedexoffice/v1/claims/9a92676f/abcd/mai,4,0,0
1583796109127,3,AutomationPerformanceTest,405,,AutomationThreadGroup 1-1,text,false, ,345,248,2,2,http://localhost:8086/peripherals/fedexoffice/v1/claims/9a92676f-fbfe-43ad-8a28-3a16f16aca7b/abcd/mai,3,0,0
1583796109127,3,AutomationPerformanceTest,405,,AutomationThreadGroup 1-2,text,false, ,345,220,2,2,http://localhost:8086/peripherals/fedexoffice/v1/claims/9a92676f/abcd/mai,3,0,0
1583796109130,4,AutomationPerformanceTest,405,,AutomationThreadGroup 1-1,text,false, ,345,248,2,2,http://localhost:8086/peripherals/fedexoffice/v1/claims/9a92676f-fbfe-43ad-8a28-3a16f16aca7b/abcd/mai,4,0,1
1583796109130,5,AutomationPerformanceTest,405,,AutomationThreadGroup 1-2,text,false, ,345,248,2,2,http://localhost:8086/peripherals/fedexoffice/v1/claims/9a92676f-fbfe-43ad-8a28-3a16f16aca7b/abcd/mai,5,0,1
1583796109135,4,AutomationPerformanceTest,405,,AutomationThreadGroup 1-1,text,false, ,345,248,2,2,http://localhost:8086/peripherals/fedexoffice/v1/claims/9a92676f-fbfe-43ad-8a28-3a16f16aca7b/abcd/mai,4,0,0
1583796109136,3,AutomationPerformanceTest,405,,AutomationThreadGroup 1-2,text,false, ,345,248,2,2,http://localhost:8086/peripherals/fedexoffice/v1/claims/9a92676f-fbfe-43ad-8a28-3a16f16aca7b/abcd/mai,3,0,0
1583796109140,4,AutomationPerformanceTest,405,,AutomationThreadGroup 1-2,text,false, ,345,248,2,2,http://localhost:8086/peripherals/fedexoffice/v1/claims/9a92676f-fbfe-43ad-8a28-3a16f16aca7b/abcd/mai,4,0,0
1583796109139,5,AutomationPerformanceTest,405,,AutomationThreadGroup 1-1,text,false, ,345,248,2,2,http://localhost:8086/peripherals/fedexoffice/v1/claims/9a92676f-fbfe-43ad-8a28-3a16f16aca7b/abcd/mai,5,0,1
1583796109145,3,AutomationPerformanceTest,405,,AutomationThreadGroup 1-1,text,false, ,345,248,2,2,http://localhost:8086/peripherals/fedexoffice/v1/claims/9a92676f-fbfe-43ad-8a28-3a16f16aca7b/abcd/mai,3,0,0
1583796109145,4,AutomationPerformanceTest,405,,AutomationThreadGroup 1-2,text,false, ,345,248,2,2,http://localhost:8086/peripherals/fedexoffice/v1/claims/9a92676f-fbfe-43ad-8a28-3a16f16aca7b/abcd/mai,4,0,0
1583796109149,4,AutomationPerformanceTest,405,,AutomationThreadGroup 1-1,text,false, ,345,248,2,2,http://localhost:8086/peripherals/fedexoffice/v1/claims/9a92676f-fbfe-43ad-8a28-3a16f16aca7b/abcd/mai,3,0,0
1583796109149,4,AutomationPerformanceTest,405,,AutomationThreadGroup 1-2,text,false, ,345,248,2,2,http://localhost:8086/peripherals/fedexoffice/v1/claims/9a92676f-fbfe-43ad-8a28-3a16f16aca7b/abcd/mai,4,0,1
1583796109153,4,AutomationPerformanceTest,405,,AutomationThreadGroup 1-1,text,false, ,345,248,2,2,http://localhost:8086/peripherals/fedexoffice/v1/claims/9a92676f-fbfe-43ad-8a28-3a16f16aca7b/abcd/mai,4,0,0
1583796109153,4,AutomationPerformanceTest,405,,AutomationThreadGroup 1-2,text,false, ,345,248,2,2,http://localhost:8086/peripherals/fedexoffice/v1/claims/9a92676f-fbfe-43ad-8a28-3a16f16aca7b/abcd/mai,4,0,0
1583796109157,5,AutomationPerformanceTest,405,,AutomationThreadGroup 1-2,text,false, ,345,248,2,2,http://localhost:8086/peripherals/fedexoffice/v1/claims/9a92676f-fbfe-43ad-8a28-3a16f16aca7b/abcd/mai,5,0,1
1583796109157,5,AutomationPerformanceTest,405,,AutomationThreadGroup 1-1,text,false, ,345,248,2,2,http://localhost:8086/peripherals/fedexoffice/v1/claims/9a92676f-fbfe-43ad-8a28-3a16f16aca7b/abcd/mai,5,0,1
1583796109162,4,AutomationPerformanceTest,405,,AutomationThreadGroup 1-2,text,false, ,345,248,2,2,http://localhost:8086/peripherals/fedexoffice/v1/claims/9a92676f-fbfe-43ad-8a28-3a16f16aca7b/abcd/mai,4,0,1
1583796109162,5,AutomationPerformanceTest,405,,AutomationThreadGroup 1-1,text,false, ,345,248,2,2,http://localhost:8086/peripherals/fedexoffice/v1/claims/9a92676f-fbfe-43ad-8a28-3a16f16aca7b/abcd/mai,5,0,1
1583796109167,4,AutomationPerformanceTest,405,,AutomationThreadGroup 1-2,text,false, ,345,248,2,2,http://localhost:8086/peripherals/fedexoffice/v1/claims/9a92676f-fbfe-43ad-8a28-3a16f16aca7b/abcd/mai,4,0,0
1583796109167,4,AutomationPerformanceTest,405,,AutomationThreadGroup 1-1,text,false, ,345,248,2,2,http://localhost:8086/peripherals/fedexoffice/v1/claims/9a92676f-fbfe-43ad-8a28-3a16f16aca7b/abcd/mai,4,0,0
1583796109172,5,AutomationPerformanceTest,405,,AutomationThreadGroup 1-1,text,false, ,345,248,2,2,http://localhost:8086/peripherals/fedexoffice/v1/claims/9a92676f-fbfe-43ad-8a28-3a16f16aca7b/abcd/mai,5,0,0
1583796109171,6,AutomationPerformanceTest,405,,AutomationThreadGroup 1-2,text,false, ,345,248,2,2,http://localhost:8086/peripherals/fedexoffice/v1/claims/9a92676f-fbfe-43ad-8a28-3a16f16aca7b/abcd/mai,6,0,1
1583796109177,4,AutomationPerformanceTest,405,,AutomationThreadGroup 1-2,text,false, ,345,248,2,2,http://localhost:8086/peripherals/fedexoffice/v1/claims/9a92676f-fbfe-43ad-8a28-3a16f16aca7b/abcd/mai,4,0,1
1583796109177,4,AutomationPerformanceTest,405,,AutomationThreadGroup 1-1,text,false, ,345,248,2,2,http://localhost:8086/peripherals/fedexoffice/v1/claims/9a92676f-fbfe-43ad-8a28-3a16f16aca7b/abcd/mai,4,0,1
1583796109181,4,AutomationPerformanceTest,405,,AutomationThreadGroup 1-2,text,false, ,345,248,2,2,http://localhost:8086/peripherals/fedexoffice/v1/claims/9a92676f-fbfe-43ad-8a28-3a16f16aca7b/abcd/mai,4,0,1
1583796109181,4,AutomationPerformanceTest,405,,AutomationThreadGroup 1-1,text,false, ,345,248,2,2,http://localhost:8086/peripherals/fedexoffice/v1/claims/9a92676f-fbfe-43ad-8a28-3a16f16aca7b/abcd/mai,4,0,1
1583796109186,3,AutomationPerformanceTest,405,,AutomationThreadGroup 1-1,text,false, ,345,248,2,2,http://localhost:8086/peripherals/fedexoffice/v1/claims/9a92676f-fbfe-43ad-8a28-3a16f16aca7b/abcd/mai,3,0,0
1583796109185,4,AutomationPerformanceTest,405,,AutomationThreadGroup 1-2,text,false, ,345,248,2,2,http://localhost:8086/peripherals/fedexoffice/v1/claims/9a92676f-fbfe-43ad-8a28-3a16f16aca7b/abcd/mai,4,0,1
1583796109190,5,AutomationPerformanceTest,405,,AutomationThreadGroup 1-2,text,false, ,345,248,2,2,http://localhost:8086/peripherals/fedexoffice/v1/claims/9a92676f-fbfe-43ad-8a28-3a16f16aca7b/abcd/mai,5,0,0
1583796109190,5,AutomationPerformanceTest,405,,AutomationThreadGroup 1-1,text,false, ,345,248,2,2,http://localhost:8086/peripherals/fedexoffice/v1/claims/9a92676f-fbfe-43ad-8a28-3a16f16aca7b/abcd/mai,5,0,0
1583796109196,4,AutomationPerformanceTest,405,,AutomationThreadGroup 1-1,text,false, ,345,248,2,2,http://localhost:8086/peripherals/fedexoffice/v1/claims/9a92676f-fbfe-43ad-8a28-3a16f16aca7b/abcd/mai,4,0,0
1583796109196,5,AutomationPerformanceTest,405,,AutomationThreadGroup 1-2,text,false, ,345,248,2,2,http://localhost:8086/peripherals/fedexoffice/v1/claims/9a92676f-fbfe-43ad-8a28-3a16f16aca7b/abcd/mai,4,0,0
1583796109201,3,AutomationPerformanceTest,405,,AutomationThreadGroup 1-2,text,false, ,345,248,2,2,http://localhost:8086/peripherals/fedexoffice/v1/claims/9a92676f-fbfe-43ad-8a28-3a16f16aca7b/abcd/mai,3,0,0
1583796109200,5,AutomationPerformanceTest,405,,AutomationThreadGroup 1-1,text,false, ,345,248,2,2,http://localhost:8086/peripherals/fedexoffice/v1/claims/9a92676f-fbfe-43ad-8a28-3a16f16aca7b/abcd/mai,5,0,1
1583796109205,5,AutomationPerformanceTest,405,,AutomationThreadGroup 1-1,text,false, ,345,248,2,2,http://localhost:8086/peripherals/fedexoffice/v1/claims/9a92676f-fbfe-43ad-8a28-3a16f16aca7b/abcd/mai,5,0,0
1583796109205,5,AutomationPerformanceTest,405,,AutomationThreadGroup 1-2,text,false, ,345,248,2,2,http://localhost:8086/peripherals/fedexoffice/v1/claims/9a92676f-fbfe-43ad-8a28-3a16f16aca7b/abcd/mai,5,0,0
1583796109210,5,AutomationPerformanceTest,405,,AutomationThreadGroup 1-2,text,false, ,345,248,2,2,http://localhost:8086/peripherals/fedexoffice/v1/claims/9a92676f-fbfe-43ad-8a28-3a16f16aca7b/abcd/mai,5,0,1
1583796109210,5,AutomationPerformanceTest,405,,AutomationThreadGroup 1-1,text,false, ,345,248,2,2,http://localhost:8086/peripherals/fedexoffice/v1/claims/9a92676f-fbfe-43ad-8a28-3a16f16aca7b/abcd/mai,5,0,1
1583796109215,5,AutomationPerformanceTest,405,,AutomationThreadGroup 1-1,text,false, ,345,248,2,2,http://localhost:8086/peripherals/fedexoffice/v1/claims/9a92676f-fbfe-43ad-8a28-3a16f16aca7b/abcd/mai,5,0,1
1583796109215,5,AutomationPerformanceTest,405,,AutomationThreadGroup 1-2,text,false, ,345,248,2,2,http://localhost:8086/peripherals/fedexoffice/v1/claims/9a92676f-fbfe-43ad-8a28-3a16f16aca7b/abcd/mai,5,0,1
1583796109220,5,AutomationPerformanceTest,405,,AutomationThreadGroup 1-2,text,false, ,345,248,2,2,http://localhost:8086/peripherals/fedexoffice/v1/claims/9a92676f-fbfe-43ad-8a28-3a16f16aca7b/abcd/mai,5,0,1
1583796109220,5,AutomationPerformanceTest,405,,AutomationThreadGroup 1-1,text,false, ,345,248,2,2,http://localhost:8086/peripherals/fedexoffice/v1/claims/9a92676f-fbfe-43ad-8a28-3a16f16aca7b/abcd/mai,5,0,1
1583796109226,3,AutomationPerformanceTest,405,,AutomationThreadGroup 1-1,text,false, ,345,248,2,2,http://localhost:8086/peripherals/fedexoffice/v1/claims/9a92676f-fbfe-43ad-8a28-3a16f16aca7b/abcd/mai,3,0,0
1583796109226,4,AutomationPerformanceTest,405,,AutomationThreadGroup 1-2,text,false, ,345,248,2,2,http://localhost:8086/peripherals/fedexoffice/v1/claims/9a92676f-fbfe-43ad-8a28-3a16f16aca7b/abcd/mai,4,0,0
1583796109230,4,AutomationPerformanceTest,405,,AutomationThreadGroup 1-2,text,false, ,345,248,2,2,http://localhost:8086/peripherals/fedexoffice/v1/claims/9a92676f-fbfe-43ad-8a28-3a16f16aca7b/abcd/mai,4,0,1
1583796109230,4,AutomationPerformanceTest,405,,AutomationThreadGroup 1-1,text,false, ,345,248,2,2,http://localhost:8086/peripherals/fedexoffice/v1/claims/9a92676f-fbfe-43ad-8a28-3a16f16aca7b/abcd/mai,4,0,0
1583796109235,4,AutomationPerformanceTest,405,,AutomationThreadGroup 1-2,text,false, ,345,248,2,2,http://localhost:8086/peripherals/fedexoffice/v1/claims/9a92676f-fbfe-43ad-8a28-3a16f16aca7b/abcd/mai,4,0,0
1583796109235,4,AutomationPerformanceTest,405,,AutomationThreadGroup 1-1,text,false, ,345,248,2,2,http://localhost:8086/peripherals/fedexoffice/v1/claims/9a92676f-fbfe-43ad-8a28-3a16f16aca7b/abcd/mai,4,0,0
1583796109240,5,AutomationPerformanceTest,405,,AutomationThreadGroup 1-1,text,false, ,345,248,2,2,http://localhost:8086/peripherals/fedexoffice/v1/claims/9a92676f-fbfe-43ad-8a28-3a16f16aca7b/abcd/mai,5,0,0
1583796109240,5,AutomationPerformanceTest,405,,AutomationThreadGroup 1-2,text,false, ,345,248,2,2,http://localhost:8086/peripherals/fedexoffice/v1/claims/9a92676f-fbfe-43ad-8a28-3a16f16aca7b/abcd/mai,5,0,0
1583796109245,5,AutomationPerformanceTest,405,,AutomationThreadGroup 1-2,text,false, ,345,248,2,2,http://localhost:8086/peripherals/fedexoffice/v1/claims/9a92676f-fbfe-43ad-8a28-3a16f16aca7b/abcd/mai,5,0,1
1583796109245,5,AutomationPerformanceTest,405,,AutomationThreadGroup 1-1,text,false, ,345,248,2,2,http://localhost:8086/peripherals/fedexoffice/v1/claims/9a92676f-fbfe-43ad-8a28-3a16f16aca7b/abcd/mai,5,0,1
1583796109251,4,AutomationPerformanceTest,405,,AutomationThreadGroup 1-1,text,false, ,345,248,2,2,http://localhost:8086/peripherals/fedexoffice/v1/claims/9a92676f-fbfe-43ad-8a28-3a16f16aca7b/abcd/mai,4,0,0
1583796109250,5,AutomationPerformanceTest,405,,AutomationThreadGroup 1-2,text,false, ,345,248,2,2,http://localhost:8086/peripherals/fedexoffice/v1/claims/9a92676f-fbfe-43ad-8a28-3a16f16aca7b/abcd/mai,5,0,1
1583796109256,4,AutomationPerformanceTest,405,,AutomationThreadGroup 1-2,text,false, ,345,248,2,2,http://localhost:8086/peripherals/fedexoffice/v1/claims/9a92676f-fbfe-43ad-8a28-3a16f16aca7b/abcd/mai,4,0,0
1583796109256,5,AutomationPerformanceTest,405,,AutomationThreadGroup 1-1,text,false, ,345,248,2,2,http://localhost:8086/peripherals/fedexoffice/v1/claims/9a92676f-fbfe-43ad-8a28-3a16f16aca7b/abcd/mai,5,0,0
1583796109261,51,AutomationPerformanceTest,405,,AutomationThreadGroup 1-1,text,false, ,345,248,2,2,http://localhost:8086/peripherals/fedexoffice/v1/claims/9a92676f-fbfe-43ad-8a28-3a16f16aca7b/abcd/mai,51,0,0
1583796109261,51,AutomationPerformanceTest,405,,AutomationThreadGroup 1-2,text,false, ,345,248,2,2,http://localhost:8086/peripherals/fedexoffice/v1/claims/9a92676f-fbfe-43ad-8a28-3a16f16aca7b/abcd/mai,51,0,0
1583796109312,10,AutomationPerformanceTest,405,,AutomationThreadGroup 1-2,text,false, ,345,248,2,2,http://localhost:8086/peripherals/fedexoffice/v1/claims/9a92676f-fbfe-43ad-8a28-3a16f16aca7b/abcd/mai,10,0,6
1583796109312,10,AutomationPerformanceTest,405,,AutomationThreadGroup 1-1,text,false, ,345,248,2,2,http://localhost:8086/peripherals/fedexoffice/v1/claims/9a92676f-fbfe-43ad-8a28-3a16f16aca7b/abcd/mai,10,0,6
1583796109322,5,AutomationPerformanceTest,405,,AutomationThreadGroup 1-1,text,false, ,345,248,2,2,http://localhost:8086/peripherals/fedexoffice/v1/claims/9a92676f-fbfe-43ad-8a28-3a16f16aca7b/abcd/mai,5,0,1
1583796109322,5,AutomationPerformanceTest,405,,AutomationThreadGroup 1-2,text,false, ,345,248,2,2,http://localhost:8086/peripherals/fedexoffice/v1/claims/9a92676f-fbfe-43ad-8a28-3a16f16aca7b/abcd/mai,5,0,1
1583796109328,4,AutomationPerformanceTest,405,,AutomationThreadGroup 1-2,text,false, ,345,248,2,2,http://localhost:8086/peripherals/fedexoffice/v1/claims/9a92676f-fbfe-43ad-8a28-3a16f16aca7b/abcd/mai,4,0,0
1583796109328,5,AutomationPerformanceTest,405,,AutomationThreadGroup 1-1,text,false, ,345,248,2,2,http://localhost:8086/peripherals/fedexoffice/v1/claims/9a92676f-fbfe-43ad-8a28-3a16f16aca7b/abcd/mai,4,0,0
1583796109333,5,AutomationPerformanceTest,405,,AutomationThreadGroup 1-2,text,false, ,345,248,2,2,http://localhost:8086/peripherals/fedexoffice/v1/claims/9a92676f-fbfe-43ad-8a28-3a16f16aca7b/abcd/mai,5,0,0
1583796109333,5,AutomationPerformanceTest,405,,AutomationThreadGroup 1-1,text,false, ,345,248,2,2,http://localhost:8086/peripherals/fedexoffice/v1/claims/9a92676f-fbfe-43ad-8a28-3a16f16aca7b/abcd/mai,5,0,1
1583796109339,5,AutomationPerformanceTest,405,,AutomationThreadGroup 1-2,text,false, ,345,248,2,2,http://localhost:8086/peripherals/fedexoffice/v1/claims/9a92676f-fbfe-43ad-8a28-3a16f16aca7b/abcd/mai,5,0,0
1583796109339,5,AutomationPerformanceTest,405,,AutomationThreadGroup 1-1,text,false, ,345,248,2,2,http://localhost:8086/peripherals/fedexoffice/v1/claims/9a92676f-fbfe-43ad-8a28-3a16f16aca7b/abcd/mai,5,0,0
1583796109344,5,AutomationPerformanceTest,405,,AutomationThreadGroup 1-2,text,false, ,345,248,2,2,http://localhost:8086/peripherals/fedexoffice/v1/claims/9a92676f-fbfe-43ad-8a28-3a16f16aca7b/abcd/mai,5,0,1
1583796109350,5,AutomationPerformanceTest,405,,AutomationThreadGroup 1-2,text,false, ,345,248,2,2,http://localhost:8086/peripherals/fedexoffice/v1/claims/9a92676f-fbfe-43ad-8a28-3a16f16aca7b/abcd/mai,5,0,1
1583796109355,6,AutomationPerformanceTest,405,,AutomationThreadGroup 1-2,text,false, ,345,248,2,2,http://localhost:8086/peripherals/fedexoffice/v1/claims/9a92676f-fbfe-43ad-8a28-3a16f16aca7b/abcd/mai,6,0,1
1583796109344,17,AutomationPerformanceTest,405,,AutomationThreadGroup 1-1,text,false, ,345,248,2,2,http://localhost:8086/peripherals/fedexoffice/v1/claims/9a92676f-fbfe-43ad-8a28-3a16f16aca7b/abcd/mai,17,0,14
1583796109362,5,AutomationPerformanceTest,405,,AutomationThreadGroup 1-1,text,false, ,345,248,2,2,http://localhost:8086/peripherals/fedexoffice/v1/claims/9a92676f-fbfe-43ad-8a28-3a16f16aca7b/abcd/mai,5,0,1
1583796109362,5,AutomationPerformanceTest,405,,AutomationThreadGroup 1-2,text,false, ,345,248,2,2,http://localhost:8086/peripherals/fedexoffice/v1/claims/9a92676f-fbfe-43ad-8a28-3a16f16aca7b/abcd/mai,5,0,0
1583796109367,5,AutomationPerformanceTest,405,,AutomationThreadGroup 1-1,text,false, ,345,248,2,2,http://localhost:8086/peripherals/fedexoffice/v1/claims/9a92676f-fbfe-43ad-8a28-3a16f16aca7b/abcd/mai,5,0,1
1583796109367,5,AutomationPerformanceTest,405,,AutomationThreadGroup 1-2,text,false, ,345,248,2,2,http://localhost:8086/peripherals/fedexoffice/v1/claims/9a92676f-fbfe-43ad-8a28-3a16f16aca7b/abcd/mai,5,0,1
1583796109372,5,AutomationPerformanceTest,405,,AutomationThreadGroup 1-2,text,false, ,345,248,2,2,http://localhost:8086/peripherals/fedexoffice/v1/claims/9a92676f-fbfe-43ad-8a28-3a16f16aca7b/abcd/mai,5,0,1
1583796109372,5,AutomationPerformanceTest,405,,AutomationThreadGroup 1-1,text,false, ,345,248,2,2,http://localhost:8086/peripherals/fedexoffice/v1/claims/9a92676f-fbfe-43ad-8a28-3a16f16aca7b/abcd/mai,5,0,1
1583796109377,4,AutomationPerformanceTest,405,,AutomationThreadGroup 1-1,text,false, ,345,248,2,2,http://localhost:8086/peripherals/fedexoffice/v1/claims/9a92676f-fbfe-43ad-8a28-3a16f16aca7b/abcd/mai,4,0,1
1583796109377,4,AutomationPerformanceTest,405,,AutomationThreadGroup 1-2,text,false, ,345,248,2,2,http://localhost:8086/peripherals/fedexoffice/v1/claims/9a92676f-fbfe-43ad-8a28-3a16f16aca7b/abcd/mai,4,0,1
1583796109382,27,AutomationPerformanceTest,405,,AutomationThreadGroup 1-2,text,false, ,345,248,2,2,http://localhost:8086/peripherals/fedexoffice/v1/claims/9a92676f-fbfe-43ad-8a28-3a16f16aca7b/abcd/mai,27,0,0
1583796109382,27,AutomationPerformanceTest,405,,AutomationThreadGroup 1-1,text,false, ,345,248,2,2,http://localhost:8086/peripherals/fedexoffice/v1/claims/9a92676f-fbfe-43ad-8a28-3a16f16aca7b/abcd/mai,27,0,0
1583796109409,5,AutomationPerformanceTest,405,,AutomationThreadGroup 1-2,text,false, ,345,248,2,2,http://localhost:8086/peripherals/fedexoffice/v1/claims/9a92676f-fbfe-43ad-8a28-3a16f16aca7b/abcd/mai,4,0,1
1583796109409,5,AutomationPerformanceTest,405,,AutomationThreadGroup 1-1,text,false, ,345,248,2,2,http://localhost:8086/peripherals/fedexoffice/v1/claims/9a92676f-fbfe-43ad-8a28-3a16f16aca7b/abcd/mai,4,0,1
1583796109414,4,AutomationPerformanceTest,405,,AutomationThreadGroup 1-2,text,false, ,345,248,2,2,http://localhost:8086/peripherals/fedexoffice/v1/claims/9a92676f-fbfe-43ad-8a28-3a16f16aca7b/abcd/mai,4,0,0
1583796109414,4,AutomationPerformanceTest,405,,AutomationThreadGroup 1-1,text,false, ,345,248,2,2,http://localhost:8086/peripherals/fedexoffice/v1/claims/9a92676f-fbfe-43ad-8a28-3a16f16aca7b/abcd/mai,4,0,0
1583796109418,4,AutomationPerformanceTest,405,,AutomationThreadGroup 1-2,text,false, ,345,248,2,2,http://localhost:8086/peripherals/fedexoffice/v1/claims/9a92676f-fbfe-43ad-8a28-3a16f16aca7b/abcd/mai,4,0,1
1583796109418,5,AutomationPerformanceTest,405,,AutomationThreadGroup 1-1,text,false, ,345,248,2,2,http://localhost:8086/peripherals/fedexoffice/v1/claims/9a92676f-fbfe-43ad-8a28-3a16f16aca7b/abcd/mai,5,0,1
1583796109423,4,AutomationPerformanceTest,405,,AutomationThreadGroup 1-2,text,false, ,345,248,2,2,http://localhost:8086/peripherals/fedexoffice/v1/claims/9a92676f-fbfe-43ad-8a28-3a16f16aca7b/abcd/mai,4,0,0
1583796109423,4,AutomationPerformanceTest,405,,AutomationThreadGroup 1-1,text,false, ,345,248,2,2,http://localhost:8086/peripherals/fedexoffice/v1/claims/9a92676f-fbfe-43ad-8a28-3a16f16aca7b/abcd/mai,4,0,0
1583796109427,4,AutomationPerformanceTest,405,,AutomationThreadGroup 1-2,text,false, ,345,248,2,2,http://localhost:8086/peripherals/fedexoffice/v1/claims/9a92676f-fbfe-43ad-8a28-3a16f16aca7b/abcd/mai,4,0,1
1583796109427,5,AutomationPerformanceTest,405,,AutomationThreadGroup 1-1,text,false, ,345,248,2,2,http://localhost:8086/peripherals/fedexoffice/v1/claims/9a92676f-fbfe-43ad-8a28-3a16f16aca7b/abcd/mai,5,0,1
1583796109432,3,AutomationPerformanceTest,405,,AutomationThreadGroup 1-1,text,false, ,345,248,2,2,http://localhost:8086/peripherals/fedexoffice/v1/claims/9a92676f-fbfe-43ad-8a28-3a16f16aca7b/abcd/mai,3,0,0
1583796109432,3,AutomationPerformanceTest,405,,AutomationThreadGroup 1-2,text,false, ,345,248,2,2,http://localhost:8086/peripherals/fedexoffice/v1/claims/9a92676f-fbfe-43ad-8a28-3a16f16aca7b/abcd/mai,3,0,0
1583796109436,4,AutomationPerformanceTest,405,,AutomationThreadGroup 1-1,text,false, ,345,248,2,2,http://localhost:8086/peripherals/fedexoffice/v1/claims/9a92676f-fbfe-43ad-8a28-3a16f16aca7b/abcd/mai,4,0,0
1583796109436,4,AutomationPerformanceTest,405,,AutomationThreadGroup 1-2,text,false, ,345,248,2,2,http://localhost:8086/peripherals/fedexoffice/v1/claims/9a92676f-fbfe-43ad-8a28-3a16f16aca7b/abcd/mai,4,0,0
1583796109441,4,AutomationPerformanceTest,405,,AutomationThreadGroup 1-2,text,false, ,345,248,2,2,http://localhost:8086/peripherals/fedexoffice/v1/claims/9a92676f-fbfe-43ad-8a28-3a16f16aca7b/abcd/mai,4,0,0
1583796109441,4,AutomationPerformanceTest,405,,AutomationThreadGroup 1-1,text,false, ,345,248,2,2,http://localhost:8086/peripherals/fedexoffice/v1/claims/9a92676f-fbfe-43ad-8a28-3a16f16aca7b/abcd/mai,4,0,0
1583796109445,5,AutomationPerformanceTest,405,,AutomationThreadGroup 1-2,text,false, ,345,248,2,2,http://localhost:8086/peripherals/fedexoffice/v1/claims/9a92676f-fbfe-43ad-8a28-3a16f16aca7b/abcd/mai,5,0,1
1583796109445,5,AutomationPerformanceTest,405,,AutomationThreadGroup 1-1,text,false, ,345,248,2,2,http://localhost:8086/peripherals/fedexoffice/v1/claims/9a92676f-fbfe-43ad-8a28-3a16f16aca7b/abcd/mai,5,0,1
1583796109450,4,AutomationPerformanceTest,405,,AutomationThreadGroup 1-1,text,false, ,345,248,2,2,http://localhost:8086/peripherals/fedexoffice/v1/claims/9a92676f-fbfe-43ad-8a28-3a16f16aca7b/abcd/mai,4,0,1
1583796109450,4,AutomationPerformanceTest,405,,AutomationThreadGroup 1-2,text,false, ,345,248,2,2,http://localhost:8086/peripherals/fedexoffice/v1/claims/9a92676f-fbfe-43ad-8a28-3a16f16aca7b/abcd/mai,4,0,1
1583796109454,31,AutomationPerformanceTest,405,,AutomationThreadGroup 1-2,text,false, ,345,248,2,2,http://localhost:8086/peripherals/fedexoffice/v1/claims/9a92676f-fbfe-43ad-8a28-3a16f16aca7b/abcd/mai,31,0,1
1583796109454,31,AutomationPerformanceTest,405,,AutomationThreadGroup 1-1,text,false, ,345,248,2,2,http://localhost:8086/peripherals/fedexoffice/v1/claims/9a92676f-fbfe-43ad-8a28-3a16f16aca7b/abcd/mai,31,0,0
1583796109486,4,AutomationPerformanceTest,405,,AutomationThreadGroup 1-1,text,false, ,345,248,2,2,http://localhost:8086/peripherals/fedexoffice/v1/claims/9a92676f-fbfe-43ad-8a28-3a16f16aca7b/abcd/mai,4,0,0
1583796109486,4,AutomationPerformanceTest,405,,AutomationThreadGroup 1-2,text,false, ,345,248,2,2,http://localhost:8086/peripherals/fedexoffice/v1/claims/9a92676f-fbfe-43ad-8a28-3a16f16aca7b/abcd/mai,4,0,0
1583796109490,4,AutomationPerformanceTest,405,,AutomationThreadGroup 1-1,text,false, ,345,248,2,2,http://localhost:8086/peripherals/fedexoffice/v1/claims/9a92676f-fbfe-43ad-8a28-3a16f16aca7b/abcd/mai,4,0,1
1583796109490,5,AutomationPerformanceTest,405,,AutomationThreadGroup 1-2,text,false, ,345,248,2,2,http://localhost:8086/peripherals/fedexoffice/v1/claims/9a92676f-fbfe-43ad-8a28-3a16f16aca7b/abcd/mai,5,0,1
1583796109495,4,AutomationPerformanceTest,405,,AutomationThreadGroup 1-2,text,false, ,345,248,2,2,http://localhost:8086/peripherals/fedexoffice/v1/claims/9a92676f-fbfe-43ad-8a28-3a16f16aca7b/abcd/mai,4,0,0
1583796109495,4,AutomationPerformanceTest,405,,AutomationThreadGroup 1-1,text,false, ,345,248,2,2,http://localhost:8086/peripherals/fedexoffice/v1/claims/9a92676f-fbfe-43ad-8a28-3a16f16aca7b/abcd/mai,4,0,0
1583796109500,4,AutomationPerformanceTest,405,,AutomationThreadGroup 1-1,text,false, ,345,248,2,2,http://localhost:8086/peripherals/fedexoffice/v1/claims/9a92676f-fbfe-43ad-8a28-3a16f16aca7b/abcd/mai,4,0,0
1583796109500,4,AutomationPerformanceTest,405,,AutomationThreadGroup 1-2,text,false, ,345,248,2,2,http://localhost:8086/peripherals/fedexoffice/v1/claims/9a92676f-fbfe-43ad-8a28-3a16f16aca7b/abcd/mai,4,0,0
1583796109504,5,AutomationPerformanceTest,405,,AutomationThreadGroup 1-2,text,false, ,345,248,2,2,http://localhost:8086/peripherals/fedexoffice/v1/claims/9a92676f-fbfe-43ad-8a28-3a16f16aca7b/abcd/mai,5,0,1
1583796109504,5,AutomationPerformanceTest,405,,AutomationThreadGroup 1-1,text,false, ,345,248,2,2,http://localhost:8086/peripherals/fedexoffice/v1/claims/9a92676f-fbfe-43ad-8a28-3a16f16aca7b/abcd/mai,5,0,1
1583796109510,4,AutomationPerformanceTest,405,,AutomationThreadGroup 1-1,text,false, ,345,248,2,2,http://localhost:8086/peripherals/fedexoffice/v1/claims/9a92676f-fbfe-43ad-8a28-3a16f16aca7b/abcd/mai,4,0,0
1583796109510,4,AutomationPerformanceTest,405,,AutomationThreadGroup 1-2,text,false, ,345,248,2,2,http://localhost:8086/peripherals/fedexoffice/v1/claims/9a92676f-fbfe-43ad-8a28-3a16f16aca7b/abcd/mai,4,0,0
1583796109515,5,AutomationPerformanceTest,405,,AutomationThreadGroup 1-1,text,false, ,345,248,2,2,http://localhost:8086/peripherals/fedexoffice/v1/claims/9a92676f-fbfe-43ad-8a28-3a16f16aca7b/abcd/mai,5,0,0
1583796109515,5,AutomationPerformanceTest,405,,AutomationThreadGroup 1-2,text,false, ,345,248,2,2,http://localhost:8086/peripherals/fedexoffice/v1/claims/9a92676f-fbfe-43ad-8a28-3a16f16aca7b/abcd/mai,5,0,0
1583796109520,5,AutomationPerformanceTest,405,,AutomationThreadGroup 1-2,text,false, ,345,248,2,2,http://localhost:8086/peripherals/fedexoffice/v1/claims/9a92676f-fbfe-43ad-8a28-3a16f16aca7b/abcd/mai,5,0,1
1583796109520,5,AutomationPerformanceTest,405,,AutomationThreadGroup 1-1,text,false, ,345,248,2,2,http://localhost:8086/peripherals/fedexoffice/v1/claims/9a92676f-fbfe-43ad-8a28-3a16f16aca7b/abcd/mai,5,0,1
1583796109525,4,AutomationPerformanceTest,405,,AutomationThreadGroup 1-2,text,false, ,345,248,2,2,http://localhost:8086/peripherals/fedexoffice/v1/claims/9a92676f-fbfe-43ad-8a28-3a16f16aca7b/abcd/mai,4,0,1
1583796109525,4,AutomationPerformanceTest,405,,AutomationThreadGroup 1-1,text,false, ,345,248,2,2,http://localhost:8086/peripherals/fedexoffice/v1/claims/9a92676f-fbfe-43ad-8a28-3a16f16aca7b/abcd/mai,4,0,1
1583796109529,4,AutomationPerformanceTest,405,,AutomationThreadGroup 1-2,text,false, ,345,248,2,2,http://localhost:8086/peripherals/fedexoffice/v1/claims/9a92676f-fbfe-43ad-8a28-3a16f16aca7b/abcd/mai,4,0,1
1583796109529,4,AutomationPerformanceTest,405,,AutomationThreadGroup 1-1,text,false, ,345,248,2,2,http://localhost:8086/peripherals/fedexoffice/v1/claims/9a92676f-fbfe-43ad-8a28-3a16f16aca7b/abcd/mai,4,0,1
1583796109533,3,AutomationPerformanceTest,405,,AutomationThreadGroup 1-2,text,false, ,345,248,2,2,http://localhost:8086/peripherals/fedexoffice/v1/claims/9a92676f-fbfe-43ad-8a28-3a16f16aca7b/abcd/mai,3,0,1
1583796109533,118,AutomationPerformanceTest,405,,AutomationThreadGroup 1-1,text,false, ,345,248,2,2,http://localhost:8086/peripherals/fedexoffice/v1/claims/9a92676f-fbfe-43ad-8a28-3a16f16aca7b/abcd/mai,118,0,1
1583796109537,114,AutomationPerformanceTest,405,,AutomationThreadGroup 1-2,text,false, ,345,248,2,2,http://localhost:8086/peripherals/fedexoffice/v1/claims/9a92676f-fbfe-43ad-8a28-3a16f16aca7b/abcd/mai,114,0,0
1583796109651,4,AutomationPerformanceTest,405,,AutomationThreadGroup 1-1,text,false, ,345,248,2,2,http://localhost:8086/peripherals/fedexoffice/v1/claims/9a92676f-fbfe-43ad-8a28-3a16f16aca7b/abcd/mai,4,0,1
1583796109652,3,AutomationPerformanceTest,405,,AutomationThreadGroup 1-2,text,false, ,345,248,2,2,http://localhost:8086/peripherals/fedexoffice/v1/claims/9a92676f-fbfe-43ad-8a28-3a16f16aca7b/abcd/mai,3,0,0
1583796109655,4,AutomationPerformanceTest,405,,AutomationThreadGroup 1-2,text,false, ,345,248,2,2,http://localhost:8086/peripherals/fedexoffice/v1/claims/9a92676f-fbfe-43ad-8a28-3a16f16aca7b/abcd/mai,3,0,1
1583796109655,4,AutomationPerformanceTest,405,,AutomationThreadGroup 1-1,text,false, ,345,248,2,2,http://localhost:8086/peripherals/fedexoffice/v1/claims/9a92676f-fbfe-43ad-8a28-3a16f16aca7b/abcd/mai,4,0,1
1583796109659,3,AutomationPerformanceTest,405,,AutomationThreadGroup 1-2,text,false, ,345,248,2,2,http://localhost:8086/peripherals/fedexoffice/v1/claims/9a92676f-fbfe-43ad-8a28-3a16f16aca7b/abcd/mai,3,0,0
1583796109660,3,AutomationPerformanceTest,405,,AutomationThreadGroup 1-1,text,false, ,345,248,2,2,http://localhost:8086/peripherals/fedexoffice/v1/claims/9a92676f-fbfe-43ad-8a28-3a16f16aca7b/abcd/mai,3,0,0
1583796109662,4,AutomationPerformanceTest,405,,AutomationThreadGroup 1-2,text,false, ,345,248,2,2,http://localhost:8086/peripherals/fedexoffice/v1/claims/9a92676f-fbfe-43ad-8a28-3a16f16aca7b/abcd/mai,4,0,1
1583796109664,3,AutomationPerformanceTest,405,,AutomationThreadGroup 1-1,text,false, ,345,248,2,2,http://localhost:8086/peripherals/fedexoffice/v1/claims/9a92676f-fbfe-43ad-8a28-3a16f16aca7b/abcd/mai,3,0,0
1583796109666,4,AutomationPerformanceTest,405,,AutomationThreadGroup 1-2,text,false, ,345,248,2,2,http://localhost:8086/peripherals/fedexoffice/v1/claims/9a92676f-fbfe-43ad-8a28-3a16f16aca7b/abcd/mai,4,0,1
1583796109668,3,AutomationPerformanceTest,405,,AutomationThreadGroup 1-1,text,false, ,345,248,2,2,http://localhost:8086/peripherals/fedexoffice/v1/claims/9a92676f-fbfe-43ad-8a28-3a16f16aca7b/abcd/mai,3,0,0
1583796109671,4,AutomationPerformanceTest,405,,AutomationThreadGroup 1-2,text,false, ,345,248,2,2,http://localhost:8086/peripherals/fedexoffice/v1/claims/9a92676f-fbfe-43ad-8a28-3a16f16aca7b/abcd/mai,4,0,1
1583796109672,3,AutomationPerformanceTest,405,,AutomationThreadGroup 1-1,text,false, ,345,248,2,2,http://localhost:8086/peripherals/fedexoffice/v1/claims/9a92676f-fbfe-43ad-8a28-3a16f16aca7b/abcd/mai,3,0,0
1583796109676,3,AutomationPerformanceTest,405,,AutomationThreadGroup 1-2,text,false, ,345,248,2,2,http://localhost:8086/peripherals/fedexoffice/v1/claims/9a92676f-fbfe-43ad-8a28-3a16f16aca7b/abcd/mai,3,0,0
1583796109680,4,AutomationPerformanceTest,405,,AutomationThreadGroup 1-2,text,false, ,345,248,2,2,http://localhost:8086/peripherals/fedexoffice/v1/claims/9a92676f-fbfe-43ad-8a28-3a16f16aca7b/abcd/mai,3,0,0
1583796109684,4,AutomationPerformanceTest,405,,AutomationThreadGroup 1-2,text,false, ,345,248,2,2,http://localhost:8086/peripherals/fedexoffice/v1/claims/9a92676f-fbfe-43ad-8a28-3a16f16aca7b/abcd/mai,4,0,0
1583796109676,15,AutomationPerformanceTest,405,,AutomationThreadGroup 1-1,text,false, ,345,248,2,2,http://localhost:8086/peripherals/fedexoffice/v1/claims/9a92676f-fbfe-43ad-8a28-3a16f16aca7b/abcd/mai,3,0,0
1583796109688,4,AutomationPerformanceTest,405,,AutomationThreadGroup 1-2,text,false, ,345,248,2,2,http://localhost:8086/peripherals/fedexoffice/v1/claims/9a92676f-fbfe-43ad-8a28-3a16f16aca7b/abcd/mai,4,0,1
1583796109692,3,AutomationPerformanceTest,405,,AutomationThreadGroup 1-1,text,false, ,345,248,2,2,http://localhost:8086/peripherals/fedexoffice/v1/claims/9a92676f-fbfe-43ad-8a28-3a16f16aca7b/abcd/mai,3,0,0
1583796109693,3,AutomationPerformanceTest,405,,AutomationThreadGroup 1-2,text,false, ,345,248,2,2,http://localhost:8086/peripherals/fedexoffice/v1/claims/9a92676f-fbfe-43ad-8a28-3a16f16aca7b/abcd/mai,3,0,0
1583796109695,3,AutomationPerformanceTest,405,,AutomationThreadGroup 1-1,text,false, ,345,248,2,2,http://localhost:8086/peripherals/fedexoffice/v1/claims/9a92676f-fbfe-43ad-8a28-3a16f16aca7b/abcd/mai,3,0,1
1583796109696,3,AutomationPerformanceTest,405,,AutomationThreadGroup 1-2,text,false, ,345,248,2,2,http://localhost:8086/peripherals/fedexoffice/v1/claims/9a92676f-fbfe-43ad-8a28-3a16f16aca7b/abcd/mai,3,0,0
1583796109699,7,AutomationPerformanceTest,405,,AutomationThreadGroup 1-2,text,false, ,345,248,2,2,http://localhost:8086/peripherals/fedexoffice/v1/claims/9a92676f-fbfe-43ad-8a28-3a16f16aca7b/abcd/mai,7,0,1
1583796109698,14,AutomationPerformanceTest,405,,AutomationThreadGroup 1-1,text,false, ,345,248,2,2,http://localhost:8086/peripherals/fedexoffice/v1/claims/9a92676f-fbfe-43ad-8a28-3a16f16aca7b/abcd/mai,14,0,1
1583796109707,8,AutomationPerformanceTest,405,,AutomationThreadGroup 1-2,text,false, ,345,248,2,2,http://localhost:8086/peripherals/fedexoffice/v1/claims/9a92676f-fbfe-43ad-8a28-3a16f16aca7b/abcd/mai,8,0,0
1583796109712,4,AutomationPerformanceTest,405,,AutomationThreadGroup 1-1,text,false, ,345,248,2,2,http://localhost:8086/peripherals/fedexoffice/v1/claims/9a92676f-fbfe-43ad-8a28-3a16f16aca7b/abcd/mai,4,0,1
1583796109715,3,AutomationPerformanceTest,405,,AutomationThreadGroup 1-2,text,false, ,345,248,2,2,http://localhost:8086/peripherals/fedexoffice/v1/claims/9a92676f-fbfe-43ad-8a28-3a16f16aca7b/abcd/mai,3,0,1
1583796109716,3,AutomationPerformanceTest,405,,AutomationThreadGroup 1-1,text,false, ,345,248,2,2,http://localhost:8086/peripherals/fedexoffice/v1/claims/9a92676f-fbfe-43ad-8a28-3a16f16aca7b/abcd/mai,3,0,0
1583796109719,3,AutomationPerformanceTest,405,,AutomationThreadGroup 1-1,text,false, ,345,248,2,2,http://localhost:8086/peripherals/fedexoffice/v1/claims/9a92676f-fbfe-43ad-8a28-3a16f16aca7b/abcd/mai,3,0,0
1583796109719,3,AutomationPerformanceTest,405,,AutomationThreadGroup 1-2,text,false, ,345,248,2,2,http://localhost:8086/peripherals/fedexoffice/v1/claims/9a92676f-fbfe-43ad-8a28-3a16f16aca7b/abcd/mai,3,0,0
1583796109722,4,AutomationPerformanceTest,405,,AutomationThreadGroup 1-1,text,false, ,345,248,2,2,http://localhost:8086/peripherals/fedexoffice/v1/claims/9a92676f-fbfe-43ad-8a28-3a16f16aca7b/abcd/mai,4,0,0
1583796109722,4,AutomationPerformanceTest,405,,AutomationThreadGroup 1-2,text,false, ,345,248,2,2,http://localhost:8086/peripherals/fedexoffice/v1/claims/9a92676f-fbfe-43ad-8a28-3a16f16aca7b/abcd/mai,4,0,1
1583796109726,3,AutomationPerformanceTest,405,,AutomationThreadGroup 1-2,text,false, ,345,248,2,2,http://localhost:8086/peripherals/fedexoffice/v1/claims/9a92676f-fbfe-43ad-8a28-3a16f16aca7b/abcd/mai,3,0,0
1583796109726,4,AutomationPerformanceTest,405,,AutomationThreadGroup 1-1,text,false, ,345,248,2,2,http://localhost:8086/peripherals/fedexoffice/v1/claims/9a92676f-fbfe-43ad-8a28-3a16f16aca7b/abcd/mai,3,0,1
1583796109730,3,AutomationPerformanceTest,405,,AutomationThreadGroup 1-2,text,false, ,345,248,2,2,http://localhost:8086/peripherals/fedexoffice/v1/claims/9a92676f-fbfe-43ad-8a28-3a16f16aca7b/abcd/mai,3,0,0
1583796109730,3,AutomationPerformanceTest,405,,AutomationThreadGroup 1-1,text,false, ,345,248,2,2,http://localhost:8086/peripherals/fedexoffice/v1/claims/9a92676f-fbfe-43ad-8a28-3a16f16aca7b/abcd/mai,3,0,0
1583796109733,3,AutomationPerformanceTest,405,,AutomationThreadGroup 1-1,text,false, ,345,248,2,2,http://localhost:8086/peripherals/fedexoffice/v1/claims/9a92676f-fbfe-43ad-8a28-3a16f16aca7b/abcd/mai,3,0,0
1583796109733,3,AutomationPerformanceTest,405,,AutomationThreadGroup 1-2,text,false, ,345,248,2,2,http://localhost:8086/peripherals/fedexoffice/v1/claims/9a92676f-fbfe-43ad-8a28-3a16f16aca7b/abcd/mai,3,0,0
1583796109736,3,AutomationPerformanceTest,405,,AutomationThreadGroup 1-2,text,false, ,345,248,2,2,http://localhost:8086/peripherals/fedexoffice/v1/claims/9a92676f-fbfe-43ad-8a28-3a16f16aca7b/abcd/mai,3,0,1
1583796109736,3,AutomationPerformanceTest,405,,AutomationThreadGroup 1-1,text,false, ,345,248,2,2,http://localhost:8086/peripherals/fedexoffice/v1/claims/9a92676f-fbfe-43ad-8a28-3a16f16aca7b/abcd/mai,3,0,1
1583796109740,3,AutomationPerformanceTest,405,,AutomationThreadGroup 1-1,text,false, ,345,248,2,2,http://localhost:8086/peripherals/fedexoffice/v1/claims/9a92676f-fbfe-43ad-8a28-3a16f16aca7b/abcd/mai,3,0,0
1583796109740,3,AutomationPerformanceTest,405,,AutomationThreadGroup 1-2,text,false, ,345,248,2,2,http://localhost:8086/peripherals/fedexoffice/v1/claims/9a92676f-fbfe-43ad-8a28-3a16f16aca7b/abcd/mai,3,0,0
1583796109743,4,AutomationPerformanceTest,405,,AutomationThreadGroup 1-2,text,false, ,345,248,2,2,http://localhost:8086/peripherals/fedexoffice/v1/claims/9a92676f-fbfe-43ad-8a28-3a16f16aca7b/abcd/mai,3,0,1
1583796109743,4,AutomationPerformanceTest,405,,AutomationThreadGroup 1-1,text,false, ,345,248,2,2,http://localhost:8086/peripherals/fedexoffice/v1/claims/9a92676f-fbfe-43ad-8a28-3a16f16aca7b/abcd/mai,3,0,1
1583796109747,3,AutomationPerformanceTest,405,,AutomationThreadGroup 1-2,text,false, ,345,248,2,2,http://localhost:8086/peripherals/fedexoffice/v1/claims/9a92676f-fbfe-43ad-8a28-3a16f16aca7b/abcd/mai,3,0,0
1583796109747,3,AutomationPerformanceTest,405,,AutomationThreadGroup 1-1,text,false, ,345,248,2,2,http://localhost:8086/peripherals/fedexoffice/v1/claims/9a92676f-fbfe-43ad-8a28-3a16f16aca7b/abcd/mai,3,0,0
1583796109750,3,AutomationPerformanceTest,405,,AutomationThreadGroup 1-1,text,false, ,345,248,2,2,http://localhost:8086/peripherals/fedexoffice/v1/claims/9a92676f-fbfe-43ad-8a28-3a16f16aca7b/abcd/mai,3,0,1
1583796109750,3,AutomationPerformanceTest,405,,AutomationThreadGroup 1-2,text,false, ,345,248,2,2,http://localhost:8086/peripherals/fedexoffice/v1/claims/9a92676f-fbfe-43ad-8a28-3a16f16aca7b/abcd/mai,3,0,1
1583796109753,3,AutomationPerformanceTest,405,,AutomationThreadGroup 1-2,text,false, ,345,248,2,2,http://localhost:8086/peripherals/fedexoffice/v1/claims/9a92676f-fbfe-43ad-8a28-3a16f16aca7b/abcd/mai,3,0,1
1583796109753,3,AutomationPerformanceTest,405,,AutomationThreadGroup 1-1,text,false, ,345,248,2,2,http://localhost:8086/peripherals/fedexoffice/v1/claims/9a92676f-fbfe-43ad-8a28-3a16f16aca7b/abcd/mai,3,0,1
1583796109757,3,AutomationPerformanceTest,405,,AutomationThreadGroup 1-1,text,false, ,345,248,2,2,http://localhost:8086/peripherals/fedexoffice/v1/claims/9a92676f-fbfe-43ad-8a28-3a16f16aca7b/abcd/mai,3,0,0
1583796109757,3,AutomationPerformanceTest,405,,AutomationThreadGroup 1-2,text,false, ,345,248,2,2,http://localhost:8086/peripherals/fedexoffice/v1/claims/9a92676f-fbfe-43ad-8a28-3a16f16aca7b/abcd/mai,3,0,0
1583796109761,2,AutomationPerformanceTest,405,,AutomationThreadGroup 1-1,text,false, ,345,248,2,2,http://localhost:8086/peripherals/fedexoffice/v1/claims/9a92676f-fbfe-43ad-8a28-3a16f16aca7b/abcd/mai,2,0,0
1583796109761,2,AutomationPerformanceTest,405,,AutomationThreadGroup 1-2,text,false, ,345,248,2,2,http://localhost:8086/peripherals/fedexoffice/v1/claims/9a92676f-fbfe-43ad-8a28-3a16f16aca7b/abcd/mai,2,0,0
1583796109764,2,AutomationPerformanceTest,405,,AutomationThreadGroup 1-1,text,false, ,345,248,2,2,http://localhost:8086/peripherals/fedexoffice/v1/claims/9a92676f-fbfe-43ad-8a28-3a16f16aca7b/abcd/mai,2,0,0
1583796109764,2,AutomationPerformanceTest,405,,AutomationThreadGroup 1-2,text,false, ,345,248,2,2,http://localhost:8086/peripherals/fedexoffice/v1/claims/9a92676f-fbfe-43ad-8a28-3a16f16aca7b/abcd/mai,2,0,0
1583796109767,3,AutomationPerformanceTest,405,,AutomationThreadGroup 1-2,text,false, ,345,248,2,2,http://localhost:8086/peripherals/fedexoffice/v1/claims/9a92676f-fbfe-43ad-8a28-3a16f16aca7b/abcd/mai,3,0,0
1583796109767,3,AutomationPerformanceTest,405,,AutomationThreadGroup 1-1,text,false, ,345,248,2,2,http://localhost:8086/peripherals/fedexoffice/v1/claims/9a92676f-fbfe-43ad-8a28-3a16f16aca7b/abcd/mai,3,0,0
1583796109770,4,AutomationPerformanceTest,405,,AutomationThreadGroup 1-2,text,false, ,345,248,2,2,http://localhost:8086/peripherals/fedexoffice/v1/claims/9a92676f-fbfe-43ad-8a28-3a16f16aca7b/abcd/mai,4,0,1
1583796109770,4,AutomationPerformanceTest,405,,AutomationThreadGroup 1-1,text,false, ,345,248,2,2,http://localhost:8086/peripherals/fedexoffice/v1/claims/9a92676f-fbfe-43ad-8a28-3a16f16aca7b/abcd/mai,4,0,1
1583796109775,14,AutomationPerformanceTest,405,,AutomationThreadGroup 1-1,text,false, ,345,248,2,2,http://localhost:8086/peripherals/fedexoffice/v1/claims/9a92676f-fbfe-43ad-8a28-3a16f16aca7b/abcd/mai,14,0,0
1583796109775,14,AutomationPerformanceTest,405,,AutomationThreadGroup 1-2,text,false, ,345,248,2,2,http://localhost:8086/peripherals/fedexoffice/v1/claims/9a92676f-fbfe-43ad-8a28-3a16f16aca7b/abcd/mai,14,0,0
1583796109789,7,AutomationPerformanceTest,405,,AutomationThreadGroup 1-1,text,false, ,345,248,2,2,http://localhost:8086/peripherals/fedexoffice/v1/claims/9a92676f-fbfe-43ad-8a28-3a16f16aca7b/abcd/mai,7,0,1
1583796109789,7,AutomationPerformanceTest,405,,AutomationThreadGroup 1-2,text,false, ,345,248,2,2,http://localhost:8086/peripherals/fedexoffice/v1/claims/9a92676f-fbfe-43ad-8a28-3a16f16aca7b/abcd/mai,7,0,1
1583796109796,4,AutomationPerformanceTest,405,,AutomationThreadGroup 1-2,text,false, ,345,248,2,2,http://localhost:8086/peripherals/fedexoffice/v1/claims/9a92676f-fbfe-43ad-8a28-3a16f16aca7b/abcd/mai,4,0,1
1583796109801,3,AutomationPerformanceTest,405,,AutomationThreadGroup 1-2,text,false, ,345,248,2,2,http://localhost:8086/peripherals/fedexoffice/v1/claims/9a92676f-fbfe-43ad-8a28-3a16f16aca7b/abcd/mai,3,0,0
1583796109805,3,AutomationPerformanceTest,405,,AutomationThreadGroup 1-2,text,false, ,345,248,2,2,http://localhost:8086/peripherals/fedexoffice/v1/claims/9a92676f-fbfe-43ad-8a28-3a16f16aca7b/abcd/mai,3,0,0
1583796109808,5,AutomationPerformanceTest,405,,AutomationThreadGroup 1-2,text,false, ,345,248,2,2,http://localhost:8086/peripherals/fedexoffice/v1/claims/9a92676f-fbfe-43ad-8a28-3a16f16aca7b/abcd/mai,5,0,1
1583796109796,17,AutomationPerformanceTest,405,,AutomationThreadGroup 1-1,text,false, ,345,248,2,2,http://localhost:8086/peripherals/fedexoffice/v1/claims/9a92676f-fbfe-43ad-8a28-3a16f16aca7b/abcd/mai,4,0,1
1583796109813,5,AutomationPerformanceTest,405,,AutomationThreadGroup 1-2,text,false, ,345,248,2,2,http://localhost:8086/peripherals/fedexoffice/v1/claims/9a92676f-fbfe-43ad-8a28-3a16f16aca7b/abcd/mai,5,0,1
1583796109819,4,AutomationPerformanceTest,405,,AutomationThreadGroup 1-2,text,false, ,345,248,2,2,http://localhost:8086/peripherals/fedexoffice/v1/claims/9a92676f-fbfe-43ad-8a28-3a16f16aca7b/abcd/mai,4,0,0
1583796109823,5,AutomationPerformanceTest,405,,AutomationThreadGroup 1-2,text,false, ,345,248,2,2,http://localhost:8086/peripherals/fedexoffice/v1/claims/9a92676f-fbfe-43ad-8a28-3a16f16aca7b/abcd/mai,5,0,1
1583796109814,16,AutomationPerformanceTest,405,,AutomationThreadGroup 1-1,text,false, ,345,248,2,2,http://localhost:8086/peripherals/fedexoffice/v1/claims/9a92676f-fbfe-43ad-8a28-3a16f16aca7b/abcd/mai,16,0,13
1583796109828,4,AutomationPerformanceTest,405,,AutomationThreadGroup 1-2,text,false, ,345,248,2,2,http://localhost:8086/peripherals/fedexoffice/v1/claims/9a92676f-fbfe-43ad-8a28-3a16f16aca7b/abcd/mai,4,0,1
1583796109831,4,AutomationPerformanceTest,405,,AutomationThreadGroup 1-1,text,false, ,345,248,2,2,http://localhost:8086/peripherals/fedexoffice/v1/claims/9a92676f-fbfe-43ad-8a28-3a16f16aca7b/abcd/mai,4,0,1
1583796109833,4,AutomationPerformanceTest,405,,AutomationThreadGroup 1-2,text,false, ,345,248,2,2,http://localhost:8086/peripherals/fedexoffice/v1/claims/9a92676f-fbfe-43ad-8a28-3a16f16aca7b/abcd/mai,4,0,0
1583796109836,4,AutomationPerformanceTest,405,,AutomationThreadGroup 1-1,text,false, ,345,248,2,2,http://localhost:8086/peripherals/fedexoffice/v1/claims/9a92676f-fbfe-43ad-8a28-3a16f16aca7b/abcd/mai,3,0,0
1583796109837,4,AutomationPerformanceTest,405,,AutomationThreadGroup 1-2,text,false, ,345,248,2,2,http://localhost:8086/peripherals/fedexoffice/v1/claims/9a92676f-fbfe-43ad-8a28-3a16f16aca7b/abcd/mai,4,0,1
1583796109840,4,AutomationPerformanceTest,405,,AutomationThreadGroup 1-1,text,false, ,345,248,2,2,http://localhost:8086/peripherals/fedexoffice/v1/claims/9a92676f-fbfe-43ad-8a28-3a16f16aca7b/abcd/mai,4,0,0
1583796109842,6,AutomationPerformanceTest,405,,AutomationThreadGroup 1-2,text,false, ,345,248,2,2,http://localhost:8086/peripherals/fedexoffice/v1/claims/9a92676f-fbfe-43ad-8a28-3a16f16aca7b/abcd/mai,6,0,0
1583796109845,3,AutomationPerformanceTest,405,,AutomationThreadGroup 1-1,text,false, ,345,248,2,2,http://localhost:8086/peripherals/fedexoffice/v1/claims/9a92676f-fbfe-43ad-8a28-3a16f16aca7b/abcd/mai,3,0,0
1583796109848,4,AutomationPerformanceTest,405,,AutomationThreadGroup 1-1,text,false, ,345,248,2,2,http://localhost:8086/peripherals/fedexoffice/v1/claims/9a92676f-fbfe-43ad-8a28-3a16f16aca7b/abcd/mai,3,0,1
1583796109848,4,AutomationPerformanceTest,405,,AutomationThreadGroup 1-2,text,false, ,345,248,2,2,http://localhost:8086/peripherals/fedexoffice/v1/claims/9a92676f-fbfe-43ad-8a28-3a16f16aca7b/abcd/mai,4,0,1
1583796109852,4,AutomationPerformanceTest,405,,AutomationThreadGroup 1-2,text,false, ,345,248,2,2,http://localhost:8086/peripherals/fedexoffice/v1/claims/9a92676f-fbfe-43ad-8a28-3a16f16aca7b/abcd/mai,3,0,0
1583796109852,4,AutomationPerformanceTest,405,,AutomationThreadGroup 1-1,text,false, ,345,248,2,2,http://localhost:8086/peripherals/fedexoffice/v1/claims/9a92676f-fbfe-43ad-8a28-3a16f16aca7b/abcd/mai,3,0,0
1583796109856,4,AutomationPerformanceTest,405,,AutomationThreadGroup 1-2,text,false, ,345,248,2,2,http://localhost:8086/peripherals/fedexoffice/v1/claims/9a92676f-fbfe-43ad-8a28-3a16f16aca7b/abcd/mai,4,0,0
1583796109856,4,AutomationPerformanceTest,405,,AutomationThreadGroup 1-1,text,false, ,345,248,2,2,http://localhost:8086/peripherals/fedexoffice/v1/claims/9a92676f-fbfe-43ad-8a28-3a16f16aca7b/abcd/mai,4,0,0
1583796109860,4,AutomationPerformanceTest,405,,AutomationThreadGroup 1-1,text,false, ,345,248,2,2,http://localhost:8086/peripherals/fedexoffice/v1/claims/9a92676f-fbfe-43ad-8a28-3a16f16aca7b/abcd/mai,4,0,1
1583796109860,4,AutomationPerformanceTest,405,,AutomationThreadGroup 1-2,text,false, ,345,248,2,2,http://localhost:8086/peripherals/fedexoffice/v1/claims/9a92676f-fbfe-43ad-8a28-3a16f16aca7b/abcd/mai,4,0,1
1583796109864,3,AutomationPerformanceTest,405,,AutomationThreadGroup 1-2,text,false, ,345,248,2,2,http://localhost:8086/peripherals/fedexoffice/v1/claims/9a92676f-fbfe-43ad-8a28-3a16f16aca7b/abcd/mai,3,0,1
1583796109864,3,AutomationPerformanceTest,405,,AutomationThreadGroup 1-1,text,false, ,345,248,2,2,http://localhost:8086/peripherals/fedexoffice/v1/claims/9a92676f-fbfe-43ad-8a28-3a16f16aca7b/abcd/mai,3,0,1
1583796109868,3,AutomationPerformanceTest,405,,AutomationThreadGroup 1-1,text,false, ,345,248,2,2,http://localhost:8086/peripherals/fedexoffice/v1/claims/9a92676f-fbfe-43ad-8a28-3a16f16aca7b/abcd/mai,3,0,0
1583796109868,3,AutomationPerformanceTest,405,,AutomationThreadGroup 1-2,text,false, ,345,248,2,2,http://localhost:8086/peripherals/fedexoffice/v1/claims/9a92676f-fbfe-43ad-8a28-3a16f16aca7b/abcd/mai,3,0,0
1583796109872,4,AutomationPerformanceTest,405,,AutomationThreadGroup 1-1,text,false, ,345,248,2,2,http://localhost:8086/peripherals/fedexoffice/v1/claims/9a92676f-fbfe-43ad-8a28-3a16f16aca7b/abcd/mai,4,0,0
1583796109872,4,AutomationPerformanceTest,405,,AutomationThreadGroup 1-2,text,false, ,345,248,2,2,http://localhost:8086/peripherals/fedexoffice/v1/claims/9a92676f-fbfe-43ad-8a28-3a16f16aca7b/abcd/mai,4,0,0
1583796109876,4,AutomationPerformanceTest,405,,AutomationThreadGroup 1-1,text,false, ,345,248,2,2,http://localhost:8086/peripherals/fedexoffice/v1/claims/9a92676f-fbfe-43ad-8a28-3a16f16aca7b/abcd/mai,4,0,1
1583796109876,5,AutomationPerformanceTest,405,,AutomationThreadGroup 1-2,text,false, ,345,248,2,2,http://localhost:8086/peripherals/fedexoffice/v1/claims/9a92676f-fbfe-43ad-8a28-3a16f16aca7b/abcd/mai,5,0,1
1583796109880,3,AutomationPerformanceTest,405,,AutomationThreadGroup 1-1,text,false, ,345,248,2,2,http://localhost:8086/peripherals/fedexoffice/v1/claims/9a92676f-fbfe-43ad-8a28-3a16f16aca7b/abcd/mai,3,0,1
1583796109881,2,AutomationPerformanceTest,405,,AutomationThreadGroup 1-2,text,false, ,345,248,2,2,http://localhost:8086/peripherals/fedexoffice/v1/claims/9a92676f-fbfe-43ad-8a28-3a16f16aca7b/abcd/mai,2,0,0
1583796109884,3,AutomationPerformanceTest,405,,AutomationThreadGroup 1-1,text,false, ,345,248,2,2,http://localhost:8086/peripherals/fedexoffice/v1/claims/9a92676f-fbfe-43ad-8a28-3a16f16aca7b/abcd/mai,3,0,0
1583796109884,3,AutomationPerformanceTest,405,,AutomationThreadGroup 1-2,text,false, ,345,248,2,2,http://localhost:8086/peripherals/fedexoffice/v1/claims/9a92676f-fbfe-43ad-8a28-3a16f16aca7b/abcd/mai,3,0,0
1583796109887,3,AutomationPerformanceTest,405,,AutomationThreadGroup 1-1,text,false, ,345,248,2,2,http://localhost:8086/peripherals/fedexoffice/v1/claims/9a92676f-fbfe-43ad-8a28-3a16f16aca7b/abcd/mai,3,0,1
1583796109887,3,AutomationPerformanceTest,405,,AutomationThreadGroup 1-2,text,false, ,345,248,2,2,http://localhost:8086/peripherals/fedexoffice/v1/claims/9a92676f-fbfe-43ad-8a28-3a16f16aca7b/abcd/mai,3,0,1
1583796109891,36,AutomationPerformanceTest,405,,AutomationThreadGroup 1-2,text,false, ,345,248,2,2,http://localhost:8086/peripherals/fedexoffice/v1/claims/9a92676f-fbfe-43ad-8a28-3a16f16aca7b/abcd/mai,36,0,0
1583796109891,104,AutomationPerformanceTest,405,,AutomationThreadGroup 1-1,text,false, ,345,248,2,2,http://localhost:8086/peripherals/fedexoffice/v1/claims/9a92676f-fbfe-43ad-8a28-3a16f16aca7b/abcd/mai,104,0,0
1583796109928,70,AutomationPerformanceTest,405,,AutomationThreadGroup 1-2,text,false, ,345,248,2,2,http://localhost:8086/peripherals/fedexoffice/v1/claims/9a92676f-fbfe-43ad-8a28-3a16f16aca7b/abcd/mai,70,0,0
1583796109995,5,AutomationPerformanceTest,405,,AutomationThreadGroup 1-1,text,false, ,345,248,2,2,http://localhost:8086/peripherals/fedexoffice/v1/claims/9a92676f-fbfe-43ad-8a28-3a16f16aca7b/abcd/mai,5,0,1
1583796109998,5,AutomationPerformanceTest,405,,AutomationThreadGroup 1-2,text,false, ,345,248,2,2,http://localhost:8086/peripherals/fedexoffice/v1/claims/9a92676f-fbfe-43ad-8a28-3a16f16aca7b/abcd/mai,5,0,1
1583796110000,4,AutomationPerformanceTest,405,,AutomationThreadGroup 1-1,text,false, ,345,248,2,2,http://localhost:8086/peripherals/fedexoffice/v1/claims/9a92676f-fbfe-43ad-8a28-3a16f16aca7b/abcd/mai,4,0,1
1583796110003,4,AutomationPerformanceTest,405,,AutomationThreadGroup 1-2,text,false, ,345,248,2,2,http://localhost:8086/peripherals/fedexoffice/v1/claims/9a92676f-fbfe-43ad-8a28-3a16f16aca7b/abcd/mai,4,0,1
1583796110004,3,AutomationPerformanceTest,405,,AutomationThreadGroup 1-1,text,false, ,345,248,2,2,http://localhost:8086/peripherals/fedexoffice/v1/claims/9a92676f-fbfe-43ad-8a28-3a16f16aca7b/abcd/mai,3,0,0
1583796110008,3,AutomationPerformanceTest,405,,AutomationThreadGroup 1-1,text,false, ,345,248,2,2,http://localhost:8086/peripherals/fedexoffice/v1/claims/9a92676f-fbfe-43ad-8a28-3a16f16aca7b/abcd/mai,3,0,0
1583796110007,4,AutomationPerformanceTest,405,,AutomationThreadGroup 1-2,text,false, ,345,248,2,2,http://localhost:8086/peripherals/fedexoffice/v1/claims/9a92676f-fbfe-43ad-8a28-3a16f16aca7b/abcd/mai,4,0,1
1583796110013,3,AutomationPerformanceTest,405,,AutomationThreadGroup 1-1,text,false, ,345,248,2,2,http://localhost:8086/peripherals/fedexoffice/v1/claims/9a92676f-fbfe-43ad-8a28-3a16f16aca7b/abcd/mai,3,0,0
1583796110013,3,AutomationPerformanceTest,405,,AutomationThreadGroup 1-2,text,false, ,345,248,2,2,http://localhost:8086/peripherals/fedexoffice/v1/claims/9a92676f-fbfe-43ad-8a28-3a16f16aca7b/abcd/mai,3,0,0
1583796110017,3,AutomationPerformanceTest,405,,AutomationThreadGroup 1-1,text,false, ,345,248,2,2,http://localhost:8086/peripherals/fedexoffice/v1/claims/9a92676f-fbfe-43ad-8a28-3a16f16aca7b/abcd/mai,3,0,0
1583796110017,3,AutomationPerformanceTest,405,,AutomationThreadGroup 1-2,text,false, ,345,248,2,2,http://localhost:8086/peripherals/fedexoffice/v1/claims/9a92676f-fbfe-43ad-8a28-3a16f16aca7b/abcd/mai,3,0,0
1583796110021,3,AutomationPerformanceTest,405,,AutomationThreadGroup 1-1,text,false, ,345,248,2,2,http://localhost:8086/peripherals/fedexoffice/v1/claims/9a92676f-fbfe-43ad-8a28-3a16f16aca7b/abcd/mai,3,0,0
1583796110021,3,AutomationPerformanceTest,405,,AutomationThreadGroup 1-2,text,false, ,345,248,2,2,http://localhost:8086/peripherals/fedexoffice/v1/claims/9a92676f-fbfe-43ad-8a28-3a16f16aca7b/abcd/mai,3,0,0
1583796110025,3,AutomationPerformanceTest,405,,AutomationThreadGroup 1-1,text,false, ,345,248,2,2,http://localhost:8086/peripherals/fedexoffice/v1/claims/9a92676f-fbfe-43ad-8a28-3a16f16aca7b/abcd/mai,3,0,0
1583796110025,3,AutomationPerformanceTest,405,,AutomationThreadGroup 1-2,text,false, ,345,248,2,2,http://localhost:8086/peripherals/fedexoffice/v1/claims/9a92676f-fbfe-43ad-8a28-3a16f16aca7b/abcd/mai,3,0,0
1583796110029,3,AutomationPerformanceTest,405,,AutomationThreadGroup 1-2,text,false, ,345,248,2,2,http://localhost:8086/peripherals/fedexoffice/v1/claims/9a92676f-fbfe-43ad-8a28-3a16f16aca7b/abcd/mai,3,0,0
1583796110029,3,AutomationPerformanceTest,405,,AutomationThreadGroup 1-1,text,false, ,345,248,2,2,http://localhost:8086/peripherals/fedexoffice/v1/claims/9a92676f-fbfe-43ad-8a28-3a16f16aca7b/abcd/mai,3,0,0
1583796110032,3,AutomationPerformanceTest,405,,AutomationThreadGroup 1-1,text,false, ,345,248,2,2,http://localhost:8086/peripherals/fedexoffice/v1/claims/9a92676f-fbfe-43ad-8a28-3a16f16aca7b/abcd/mai,3,0,1
1583796110032,3,AutomationPerformanceTest,405,,AutomationThreadGroup 1-2,text,false, ,345,248,2,2,http://localhost:8086/peripherals/fedexoffice/v1/claims/9a92676f-fbfe-43ad-8a28-3a16f16aca7b/abcd/mai,3,0,1
1583796110035,3,AutomationPerformanceTest,405,,AutomationThreadGroup 1-1,text,false, ,345,248,2,2,http://localhost:8086/peripherals/fedexoffice/v1/claims/9a92676f-fbfe-43ad-8a28-3a16f16aca7b/abcd/mai,3,0,1
1583796110035,3,AutomationPerformanceTest,405,,AutomationThreadGroup 1-2,text,false, ,345,248,2,2,http://localhost:8086/peripherals/fedexoffice/v1/claims/9a92676f-fbfe-43ad-8a28-3a16f16aca7b/abcd/mai,3,0,1
1583796110038,3,AutomationPerformanceTest,405,,AutomationThreadGroup 1-2,text,false, ,345,248,2,2,http://localhost:8086/peripherals/fedexoffice/v1/claims/9a92676f-fbfe-43ad-8a28-3a16f16aca7b/abcd/mai,3,0,1
1583796110038,4,AutomationPerformanceTest,405,,AutomationThreadGroup 1-1,text,false, ,345,248,2,2,http://localhost:8086/peripherals/fedexoffice/v1/claims/9a92676f-fbfe-43ad-8a28-3a16f16aca7b/abcd/mai,4,0,1
1583796110042,2,AutomationPerformanceTest,405,,AutomationThreadGroup 1-2,text,false, ,345,248,2,2,http://localhost:8086/peripherals/fedexoffice/v1/claims/9a92676f-fbfe-43ad-8a28-3a16f16aca7b/abcd/mai,2,0,0
1583796110043,2,AutomationPerformanceTest,405,,AutomationThreadGroup 1-1,text,false, ,345,248,2,2,http://localhost:8086/peripherals/fedexoffice/v1/claims/9a92676f-fbfe-43ad-8a28-3a16f16aca7b/abcd/mai,2,0,0
1583796110045,3,AutomationPerformanceTest,405,,AutomationThreadGroup 1-2,text,false, ,345,248,2,2,http://localhost:8086/peripherals/fedexoffice/v1/claims/9a92676f-fbfe-43ad-8a28-3a16f16aca7b/abcd/mai,3,0,0
1583796110046,3,AutomationPerformanceTest,405,,AutomationThreadGroup 1-1,text,false, ,345,248,2,2,http://localhost:8086/peripherals/fedexoffice/v1/claims/9a92676f-fbfe-43ad-8a28-3a16f16aca7b/abcd/mai,3,0,0
1583796110048,3,AutomationPerformanceTest,405,,AutomationThreadGroup 1-2,text,false, ,345,248,2,2,http://localhost:8086/peripherals/fedexoffice/v1/claims/9a92676f-fbfe-43ad-8a28-3a16f16aca7b/abcd/mai,3,0,1
1583796110049,3,AutomationPerformanceTest,405,,AutomationThreadGroup 1-1,text,false, ,345,248,2,2,http://localhost:8086/peripherals/fedexoffice/v1/claims/9a92676f-fbfe-43ad-8a28-3a16f16aca7b/abcd/mai,3,0,1
1583796110052,2,AutomationPerformanceTest,405,,AutomationThreadGroup 1-2,text,false, ,345,248,2,2,http://localhost:8086/peripherals/fedexoffice/v1/claims/9a92676f-fbfe-43ad-8a28-3a16f16aca7b/abcd/mai,2,0,0
1583796110053,3,AutomationPerformanceTest,405,,AutomationThreadGroup 1-1,text,false, ,345,248,2,2,http://localhost:8086/peripherals/fedexoffice/v1/claims/9a92676f-fbfe-43ad-8a28-3a16f16aca7b/abcd/mai,3,0,0
1583796110055,4,AutomationPerformanceTest,405,,AutomationThreadGroup 1-2,text,false, ,345,248,2,2,http://localhost:8086/peripherals/fedexoffice/v1/claims/9a92676f-fbfe-43ad-8a28-3a16f16aca7b/abcd/mai,4,0,0
1583796110056,3,AutomationPerformanceTest,405,,AutomationThreadGroup 1-1,text,false, ,345,248,2,2,http://localhost:8086/peripherals/fedexoffice/v1/claims/9a92676f-fbfe-43ad-8a28-3a16f16aca7b/abcd/mai,3,0,1
1583796110059,4,AutomationPerformanceTest,405,,AutomationThreadGroup 1-2,text,false, ,345,248,2,2,http://localhost:8086/peripherals/fedexoffice/v1/claims/9a92676f-fbfe-43ad-8a28-3a16f16aca7b/abcd/mai,3,0,1
1583796110060,3,AutomationPerformanceTest,405,,AutomationThreadGroup 1-1,text,false, ,345,248,2,2,http://localhost:8086/peripherals/fedexoffice/v1/claims/9a92676f-fbfe-43ad-8a28-3a16f16aca7b/abcd/mai,2,0,0
1583796110063,3,AutomationPerformanceTest,405,,AutomationThreadGroup 1-1,text,false, ,345,248,2,2,http://localhost:8086/peripherals/fedexoffice/v1/claims/9a92676f-fbfe-43ad-8a28-3a16f16aca7b/abcd/mai,3,0,0
1583796110063,3,AutomationPerformanceTest,405,,AutomationThreadGroup 1-2,text,false, ,345,248,2,2,http://localhost:8086/peripherals/fedexoffice/v1/claims/9a92676f-fbfe-43ad-8a28-3a16f16aca7b/abcd/mai,3,0,0
1583796110066,3,AutomationPerformanceTest,405,,AutomationThreadGroup 1-2,text,false, ,345,248,2,2,http://localhost:8086/peripherals/fedexoffice/v1/claims/9a92676f-fbfe-43ad-8a28-3a16f16aca7b/abcd/mai,3,0,1
1583796110066,3,AutomationPerformanceTest,405,,AutomationThreadGroup 1-1,text,false, ,345,248,2,2,http://localhost:8086/peripherals/fedexoffice/v1/claims/9a92676f-fbfe-43ad-8a28-3a16f16aca7b/abcd/mai,3,0,1
1583796110069,3,AutomationPerformanceTest,405,,AutomationThreadGroup 1-2,text,false, ,345,248,2,2,http://localhost:8086/peripherals/fedexoffice/v1/claims/9a92676f-fbfe-43ad-8a28-3a16f16aca7b/abcd/mai,3,0,1
1583796110069,3,AutomationPerformanceTest,405,,AutomationThreadGroup 1-1,text,false, ,345,248,2,2,http://localhost:8086/peripherals/fedexoffice/v1/claims/9a92676f-fbfe-43ad-8a28-3a16f16aca7b/abcd/mai,3,0,1
1583796110072,4,AutomationPerformanceTest,405,,AutomationThreadGroup 1-1,text,false, ,345,248,2,2,http://localhost:8086/peripherals/fedexoffice/v1/claims/9a92676f-fbfe-43ad-8a28-3a16f16aca7b/abcd/mai,4,0,1
1583796110072,4,AutomationPerformanceTest,405,,AutomationThreadGroup 1-2,text,false, ,345,248,2,2,http://localhost:8086/peripherals/fedexoffice/v1/claims/9a92676f-fbfe-43ad-8a28-3a16f16aca7b/abcd/mai,4,0,1
1583796110076,3,AutomationPerformanceTest,405,,AutomationThreadGroup 1-2,text,false, ,345,248,2,2,http://localhost:8086/peripherals/fedexoffice/v1/claims/9a92676f-fbfe-43ad-8a28-3a16f16aca7b/abcd/mai,3,0,1
1583796110076,3,AutomationPerformanceTest,405,,AutomationThreadGroup 1-1,text,false, ,345,248,2,2,http://localhost:8086/peripherals/fedexoffice/v1/claims/9a92676f-fbfe-43ad-8a28-3a16f16aca7b/abcd/mai,3,0,1
1583796110079,3,AutomationPerformanceTest,405,,AutomationThreadGroup 1-2,text,false, ,345,248,2,2,http://localhost:8086/peripherals/fedexoffice/v1/claims/9a92676f-fbfe-43ad-8a28-3a16f16aca7b/abcd/mai,3,0,1
1583796110079,3,AutomationPerformanceTest,405,,AutomationThreadGroup 1-1,text,false, ,345,248,2,2,http://localhost:8086/peripherals/fedexoffice/v1/claims/9a92676f-fbfe-43ad-8a28-3a16f16aca7b/abcd/mai,3,0,1
1583796110082,3,AutomationPerformanceTest,405,,AutomationThreadGroup 1-1,text,false, ,345,248,2,2,http://localhost:8086/peripherals/fedexoffice/v1/claims/9a92676f-fbfe-43ad-8a28-3a16f16aca7b/abcd/mai,3,0,0
1583796110082,3,AutomationPerformanceTest,405,,AutomationThreadGroup 1-2,text,false, ,345,248,2,2,http://localhost:8086/peripherals/fedexoffice/v1/claims/9a92676f-fbfe-43ad-8a28-3a16f16aca7b/abcd/mai,3,0,0
1583796110085,3,AutomationPerformanceTest,405,,AutomationThreadGroup 1-1,text,false, ,345,248,2,2,http://localhost:8086/peripherals/fedexoffice/v1/claims/9a92676f-fbfe-43ad-8a28-3a16f16aca7b/abcd/mai,3,0,0
1583796110085,3,AutomationPerformanceTest,405,,AutomationThreadGroup 1-2,text,false, ,345,248,2,2,http://localhost:8086/peripherals/fedexoffice/v1/claims/9a92676f-fbfe-43ad-8a28-3a16f16aca7b/abcd/mai,3,0,0
1583796110088,3,AutomationPerformanceTest,405,,AutomationThreadGroup 1-2,text,false, ,345,248,2,2,http://localhost:8086/peripherals/fedexoffice/v1/claims/9a92676f-fbfe-43ad-8a28-3a16f16aca7b/abcd/mai,3,0,1
1583796110088,3,AutomationPerformanceTest,405,,AutomationThreadGroup 1-1,text,false, ,345,248,2,2,http://localhost:8086/peripherals/fedexoffice/v1/claims/9a92676f-fbfe-43ad-8a28-3a16f16aca7b/abcd/mai,3,0,1
1583796110091,3,AutomationPerformanceTest,405,,AutomationThreadGroup 1-2,text,false, ,345,248,2,2,http://localhost:8086/peripherals/fedexoffice/v1/claims/9a92676f-fbfe-43ad-8a28-3a16f16aca7b/abcd/mai,3,0,1
1583796110091,3,AutomationPerformanceTest,405,,AutomationThreadGroup 1-1,text,false, ,345,248,2,2,http://localhost:8086/peripherals/fedexoffice/v1/claims/9a92676f-fbfe-43ad-8a28-3a16f16aca7b/abcd/mai,3,0,1
1583796110094,3,AutomationPerformanceTest,405,,AutomationThreadGroup 1-2,text,false, ,345,248,2,2,http://localhost:8086/peripherals/fedexoffice/v1/claims/9a92676f-fbfe-43ad-8a28-3a16f16aca7b/abcd/mai,3,0,1
1583796110094,3,AutomationPerformanceTest,405,,AutomationThreadGroup 1-1,text,false, ,345,248,2,2,http://localhost:8086/peripherals/fedexoffice/v1/claims/9a92676f-fbfe-43ad-8a28-3a16f16aca7b/abcd/mai,3,0,1
1583796110097,3,AutomationPerformanceTest,405,,AutomationThreadGroup 1-1,text,false, ,345,248,2,2,http://localhost:8086/peripherals/fedexoffice/v1/claims/9a92676f-fbfe-43ad-8a28-3a16f16aca7b/abcd/mai,3,0,1
1583796110097,3,AutomationPerformanceTest,405,,AutomationThreadGroup 1-2,text,false, ,345,248,2,2,http://localhost:8086/peripherals/fedexoffice/v1/claims/9a92676f-fbfe-43ad-8a28-3a16f16aca7b/abcd/mai,3,0,1
1583796110100,3,AutomationPerformanceTest,405,,AutomationThreadGroup 1-1,text,false, ,345,248,2,2,http://localhost:8086/peripherals/fedexoffice/v1/claims/9a92676f-fbfe-43ad-8a28-3a16f16aca7b/abcd/mai,2,0,1
1583796110101,2,AutomationPerformanceTest,405,,AutomationThreadGroup 1-2,text,false, ,345,248,2,2,http://localhost:8086/peripherals/fedexoffice/v1/claims/9a92676f-fbfe-43ad-8a28-3a16f16aca7b/abcd/mai,2,0,0
1583796110103,3,AutomationPerformanceTest,405,,AutomationThreadGroup 1-2,text,false, ,345,248,2,2,http://localhost:8086/peripherals/fedexoffice/v1/claims/9a92676f-fbfe-43ad-8a28-3a16f16aca7b/abcd/mai,3,0,0
1583796110103,3,AutomationPerformanceTest,405,,AutomationThreadGroup 1-1,text,false, ,345,248,2,2,http://localhost:8086/peripherals/fedexoffice/v1/claims/9a92676f-fbfe-43ad-8a28-3a16f16aca7b/abcd/mai,3,0,0
1583796110106,3,AutomationPerformanceTest,405,,AutomationThreadGroup 1-2,text,false, ,345,248,2,2,http://localhost:8086/peripherals/fedexoffice/v1/claims/9a92676f-fbfe-43ad-8a28-3a16f16aca7b/abcd/mai,3,0,0
1583796110106,3,AutomationPerformanceTest,405,,AutomationThreadGroup 1-1,text,false, ,345,248,2,2,http://localhost:8086/peripherals/fedexoffice/v1/claims/9a92676f-fbfe-43ad-8a28-3a16f16aca7b/abcd/mai,3,0,0
1583796110109,3,AutomationPerformanceTest,405,,AutomationThreadGroup 1-1,text,false, ,345,248,2,2,http://localhost:8086/peripherals/fedexoffice/v1/claims/9a92676f-fbfe-43ad-8a28-3a16f16aca7b/abcd/mai,2,0,1
1583796110109,3,AutomationPerformanceTest,405,,AutomationThreadGroup 1-2,text,false, ,345,248,2,2,http://localhost:8086/peripherals/fedexoffice/v1/claims/9a92676f-fbfe-43ad-8a28-3a16f16aca7b/abcd/mai,3,0,0
1583796110112,2,AutomationPerformanceTest,405,,AutomationThreadGroup 1-1,text,false, ,345,248,2,2,http://localhost:8086/peripherals/fedexoffice/v1/claims/9a92676f-fbfe-43ad-8a28-3a16f16aca7b/abcd/mai,2,0,0
1583796110112,2,AutomationPerformanceTest,405,,AutomationThreadGroup 1-2,text,false, ,345,248,2,2,http://localhost:8086/peripherals/fedexoffice/v1/claims/9a92676f-fbfe-43ad-8a28-3a16f16aca7b/abcd/mai,2,0,0
1583796110115,2,AutomationPerformanceTest,405,,AutomationThreadGroup 1-2,text,false, ,345,248,2,2,http://localhost:8086/peripherals/fedexoffice/v1/claims/9a92676f-fbfe-43ad-8a28-3a16f16aca7b/abcd/mai,2,0,0
1583796110117,3,AutomationPerformanceTest,405,,AutomationThreadGroup 1-2,text,false, ,345,248,2,2,http://localhost:8086/peripherals/fedexoffice/v1/claims/9a92676f-fbfe-43ad-8a28-3a16f16aca7b/abcd/mai,3,0,1
1583796110115,5,AutomationPerformanceTest,405,,AutomationThreadGroup 1-1,text,false, ,345,248,2,2,http://localhost:8086/peripherals/fedexoffice/v1/claims/9a92676f-fbfe-43ad-8a28-3a16f16aca7b/abcd/mai,5,0,0
1583796110120,3,AutomationPerformanceTest,405,,AutomationThreadGroup 1-2,text,false, ,345,248,2,2,http://localhost:8086/peripherals/fedexoffice/v1/claims/9a92676f-fbfe-43ad-8a28-3a16f16aca7b/abcd/mai,3,0,1
1583796110120,3,AutomationPerformanceTest,405,,AutomationThreadGroup 1-1,text,false, ,345,248,2,2,http://localhost:8086/peripherals/fedexoffice/v1/claims/9a92676f-fbfe-43ad-8a28-3a16f16aca7b/abcd/mai,3,0,1
1583796110123,3,AutomationPerformanceTest,405,,AutomationThreadGroup 1-1,text,false, ,345,248,2,2,http://localhost:8086/peripherals/fedexoffice/v1/claims/9a92676f-fbfe-43ad-8a28-3a16f16aca7b/abcd/mai,3,0,0
1583796110123,3,AutomationPerformanceTest,405,,AutomationThreadGroup 1-2,text,false, ,345,248,2,2,http://localhost:8086/peripherals/fedexoffice/v1/claims/9a92676f-fbfe-43ad-8a28-3a16f16aca7b/abcd/mai,3,0,0
1583796110126,2,AutomationPerformanceTest,405,,AutomationThreadGroup 1-2,text,false, ,345,248,2,2,http://localhost:8086/peripherals/fedexoffice/v1/claims/9a92676f-fbfe-43ad-8a28-3a16f16aca7b/abcd/mai,2,0,0
1583796110126,2,AutomationPerformanceTest,405,,AutomationThreadGroup 1-1,text,false, ,345,248,2,2,http://localhost:8086/peripherals/fedexoffice/v1/claims/9a92676f-fbfe-43ad-8a28-3a16f16aca7b/abcd/mai,2,0,0
1583796110129,2,AutomationPerformanceTest,405,,AutomationThreadGroup 1-1,text,false, ,345,248,2,2,http://localhost:8086/peripherals/fedexoffice/v1/claims/9a92676f-fbfe-43ad-8a28-3a16f16aca7b/abcd/mai,2,0,0
1583796110129,2,AutomationPerformanceTest,405,,AutomationThreadGroup 1-2,text,false, ,345,248,2,2,http://localhost:8086/peripherals/fedexoffice/v1/claims/9a92676f-fbfe-43ad-8a28-3a16f16aca7b/abcd/mai,2,0,0
1583796110131,2,AutomationPerformanceTest,405,,AutomationThreadGroup 1-1,text,false, ,345,248,2,2,http://localhost:8086/peripherals/fedexoffice/v1/claims/9a92676f-fbfe-43ad-8a28-3a16f16aca7b/abcd/mai,2,0,1
1583796110131,2,AutomationPerformanceTest,405,,AutomationThreadGroup 1-2,text,false, ,345,248,2,2,http://localhost:8086/peripherals/fedexoffice/v1/claims/9a92676f-fbfe-43ad-8a28-3a16f16aca7b/abcd/mai,2,0,1
1583796110134,2,AutomationPerformanceTest,405,,AutomationThreadGroup 1-2,text,false, ,345,248,2,2,http://localhost:8086/peripherals/fedexoffice/v1/claims/9a92676f-fbfe-43ad-8a28-3a16f16aca7b/abcd/mai,2,0,0
1583796110134,2,AutomationPerformanceTest,405,,AutomationThreadGroup 1-1,text,false, ,345,248,2,2,http://localhost:8086/peripherals/fedexoffice/v1/claims/9a92676f-fbfe-43ad-8a28-3a16f16aca7b/abcd/mai,2,0,0
1583796110136,3,AutomationPerformanceTest,405,,AutomationThreadGroup 1-1,text,false, ,345,248,2,2,http://localhost:8086/peripherals/fedexoffice/v1/claims/9a92676f-fbfe-43ad-8a28-3a16f16aca7b/abcd/mai,3,0,1
1583796110136,3,AutomationPerformanceTest,405,,AutomationThreadGroup 1-2,text,false, ,345,248,2,2,http://localhost:8086/peripherals/fedexoffice/v1/claims/9a92676f-fbfe-43ad-8a28-3a16f16aca7b/abcd/mai,3,0,1
1583796110139,3,AutomationPerformanceTest,405,,AutomationThreadGroup 1-2,text,false, ,345,248,2,2,http://localhost:8086/peripherals/fedexoffice/v1/claims/9a92676f-fbfe-43ad-8a28-3a16f16aca7b/abcd/mai,3,0,0
1583796110139,3,AutomationPerformanceTest,405,,AutomationThreadGroup 1-1,text,false, ,345,333,2,2,http://localhost:8086/peripherals/fedexoffice/v1/claims/%20%20%20%20%20%20%20%20%20%20%20%20%20%20%20%20%20%20%20%20%20%20%20%20%20%20%20%20%20%20%20%20%20%20%20%20%20%20%20%20/abcd/body,3,0,0
1583796110142,3,AutomationPerformanceTest,405,,AutomationThreadGroup 1-2,text,false, ,345,248,1,1,http://localhost:8086/peripherals/fedexoffice/v1/claims/9a92676f-fbfe-43ad-8a28-3a16f16aca7b/abcd/mai,3,0,1
1583796110145,3,AutomationPerformanceTest,405,,AutomationThreadGroup 1-2,text,false, ,345,248,1,1,http://localhost:8086/peripherals/fedexoffice/v1/claims/9a92676f-fbfe-43ad-8a28-3a16f16aca7b/abcd/mai,3,0,1
1583796110148,3,AutomationPerformanceTest,405,,AutomationThreadGroup 1-2,text,false, ,345,248,1,1,http://localhost:8086/peripherals/fedexoffice/v1/claims/9a92676f-fbfe-43ad-8a28-3a16f16aca7b/abcd/mai,3,0,1
1583796110152,2,AutomationPerformanceTest,405,,AutomationThreadGroup 1-2,text,false, ,345,248,1,1,http://localhost:8086/peripherals/fedexoffice/v1/claims/9a92676f-fbfe-43ad-8a28-3a16f16aca7b/abcd/mai,2,0,0
1583796110154,3,AutomationPerformanceTest,405,,AutomationThreadGroup 1-2,text,false, ,345,248,1,1,http://localhost:8086/peripherals/fedexoffice/v1/claims/9a92676f-fbfe-43ad-8a28-3a16f16aca7b/abcd/mai,3,0,1
1583796110157,29,AutomationPerformanceTest,405,,AutomationThreadGroup 1-2,text,false, ,345,248,1,1,http://localhost:8086/peripherals/fedexoffice/v1/claims/9a92676f-fbfe-43ad-8a28-3a16f16aca7b/abcd/mai,24,0,7
1583796110186,3,AutomationPerformanceTest,405,,AutomationThreadGroup 1-2,text,false, ,345,248,1,1,http://localhost:8086/peripherals/fedexoffice/v1/claims/9a92676f-fbfe-43ad-8a28-3a16f16aca7b/abcd/mai,3,0,1
1583796110189,4,AutomationPerformanceTest,405,,AutomationThreadGroup 1-2,text,false, ,345,248,1,1,http://localhost:8086/peripherals/fedexoffice/v1/claims/9a92676f-fbfe-43ad-8a28-3a16f16aca7b/abcd/mai,4,0,1
1583796110194,4,AutomationPerformanceTest,405,,AutomationThreadGroup 1-2,text,false, ,345,248,1,1,http://localhost:8086/peripherals/fedexoffice/v1/claims/9a92676f-fbfe-43ad-8a28-3a16f16aca7b/abcd/mai,4,0,0
1583796110198,4,AutomationPerformanceTest,405,,AutomationThreadGroup 1-2,text,false, ,345,248,1,1,http://localhost:8086/peripherals/fedexoffice/v1/claims/9a92676f-fbfe-43ad-8a28-3a16f16aca7b/abcd/mai,3,0,1
1583796110202,3,AutomationPerformanceTest,405,,AutomationThreadGroup 1-2,text,false, ,345,248,1,1,http://localhost:8086/peripherals/fedexoffice/v1/claims/9a92676f-fbfe-43ad-8a28-3a16f16aca7b/abcd/mai,3,0,0
1583796110205,3,AutomationPerformanceTest,405,,AutomationThreadGroup 1-2,text,false, ,345,248,1,1,http://localhost:8086/peripherals/fedexoffice/v1/claims/9a92676f-fbfe-43ad-8a28-3a16f16aca7b/abcd/mai,3,0,1
1583796110209,3,AutomationPerformanceTest,405,,AutomationThreadGroup 1-2,text,false, ,345,248,1,1,http://localhost:8086/peripherals/fedexoffice/v1/claims/9a92676f-fbfe-43ad-8a28-3a16f16aca7b/abcd/mai,3,0,0
1583796110213,3,AutomationPerformanceTest,405,,AutomationThreadGroup 1-2,text,false, ,345,248,1,1,http://localhost:8086/peripherals/fedexoffice/v1/claims/9a92676f-fbfe-43ad-8a28-3a16f16aca7b/abcd/mai,3,0,0
1583796110217,4,AutomationPerformanceTest,405,,AutomationThreadGroup 1-2,text,false, ,345,248,1,1,http://localhost:8086/peripherals/fedexoffice/v1/claims/9a92676f-fbfe-43ad-8a28-3a16f16aca7b/abcd/mai,3,0,0
1583796110221,3,AutomationPerformanceTest,405,,AutomationThreadGroup 1-2,text,false, ,345,248,1,1,http://localhost:8086/peripherals/fedexoffice/v1/claims/9a92676f-fbfe-43ad-8a28-3a16f16aca7b/abcd/mai,3,0,1
1583796110224,5,AutomationPerformanceTest,405,,AutomationThreadGroup 1-2,text,false, ,345,248,1,1,http://localhost:8086/peripherals/fedexoffice/v1/claims/9a92676f-fbfe-43ad-8a28-3a16f16aca7b/abcd/mai,4,0,1
1583796110229,3,AutomationPerformanceTest,405,,AutomationThreadGroup 1-2,text,false, ,345,248,1,1,http://localhost:8086/peripherals/fedexoffice/v1/claims/9a92676f-fbfe-43ad-8a28-3a16f16aca7b/abcd/mai,3,0,0
1583796110233,2,AutomationPerformanceTest,405,,AutomationThreadGroup 1-2,text,false, ,345,248,1,1,http://localhost:8086/peripherals/fedexoffice/v1/claims/9a92676f-fbfe-43ad-8a28-3a16f16aca7b/abcd/mai,2,0,0
1583796110236,3,AutomationPerformanceTest,405,,AutomationThreadGroup 1-2,text,false, ,345,248,1,1,http://localhost:8086/peripherals/fedexoffice/v1/claims/9a92676f-fbfe-43ad-8a28-3a16f16aca7b/abcd/mai,3,0,0
1583796110239,4,AutomationPerformanceTest,405,,AutomationThreadGroup 1-2,text,false, ,345,248,1,1,http://localhost:8086/peripherals/fedexoffice/v1/claims/9a92676f-fbfe-43ad-8a28-3a16f16aca7b/abcd/mai,4,0,1
1583796110243,3,AutomationPerformanceTest,405,,AutomationThreadGroup 1-2,text,false, ,345,248,1,1,http://localhost:8086/peripherals/fedexoffice/v1/claims/9a92676f-fbfe-43ad-8a28-3a16f16aca7b/abcd/mai,3,0,1
1583796110247,3,AutomationPerformanceTest,405,,AutomationThreadGroup 1-2,text,false, ,345,248,1,1,http://localhost:8086/peripherals/fedexoffice/v1/claims/9a92676f-fbfe-43ad-8a28-3a16f16aca7b/abcd/mai,3,0,0
1583796110250,4,AutomationPerformanceTest,405,,AutomationThreadGroup 1-2,text,false, ,345,248,1,1,http://localhost:8086/peripherals/fedexoffice/v1/claims/9a92676f-fbfe-43ad-8a28-3a16f16aca7b/abcd/mai,4,0,1
1583796110254,3,AutomationPerformanceTest,405,,AutomationThreadGroup 1-2,text,false, ,345,248,1,1,http://localhost:8086/peripherals/fedexoffice/v1/claims/9a92676f-fbfe-43ad-8a28-3a16f16aca7b/abcd/mai,3,0,1
1583796110257,3,AutomationPerformanceTest,405,,AutomationThreadGroup 1-2,text,false, ,345,248,1,1,http://localhost:8086/peripherals/fedexoffice/v1/claims/9a92676f-fbfe-43ad-8a28-3a16f16aca7b/abcd/mai,3,0,0
1583796110261,2,AutomationPerformanceTest,405,,AutomationThreadGroup 1-2,text,false, ,345,248,1,1,http://localhost:8086/peripherals/fedexoffice/v1/claims/9a92676f-fbfe-43ad-8a28-3a16f16aca7b/abcd/mai,2,0,0
1583796110264,2,AutomationPerformanceTest,405,,AutomationThreadGroup 1-2,text,false, ,345,248,1,1,http://localhost:8086/peripherals/fedexoffice/v1/claims/9a92676f-fbfe-43ad-8a28-3a16f16aca7b/abcd/mai,2,0,0
1583796110266,2,AutomationPerformanceTest,405,,AutomationThreadGroup 1-2,text,false, ,345,248,1,1,http://localhost:8086/peripherals/fedexoffice/v1/claims/9a92676f-fbfe-43ad-8a28-3a16f16aca7b/abcd/mai,2,0,0
1583796110269,2,AutomationPerformanceTest,405,,AutomationThreadGroup 1-2,text,false, ,345,248,1,1,http://localhost:8086/peripherals/fedexoffice/v1/claims/9a92676f-fbfe-43ad-8a28-3a16f16aca7b/abcd/mai,2,0,0
1583796110271,2,AutomationPerformanceTest,405,,AutomationThreadGroup 1-2,text,false, ,345,248,1,1,http://localhost:8086/peripherals/fedexoffice/v1/claims/9a92676f-fbfe-43ad-8a28-3a16f16aca7b/abcd/mai,2,0,1
1583796110274,2,AutomationPerformanceTest,405,,AutomationThreadGroup 1-2,text,false, ,345,248,1,1,http://localhost:8086/peripherals/fedexoffice/v1/claims/9a92676f-fbfe-43ad-8a28-3a16f16aca7b/abcd/mai,2,0,0
1583796110277,2,AutomationPerformanceTest,405,,AutomationThreadGroup 1-2,text,false, ,345,248,1,1,http://localhost:8086/peripherals/fedexoffice/v1/claims/9a92676f-fbfe-43ad-8a28-3a16f16aca7b/abcd/mai,2,0,0
1583796110279,2,AutomationPerformanceTest,405,,AutomationThreadGroup 1-2,text,false, ,345,248,1,1,http://localhost:8086/peripherals/fedexoffice/v1/claims/9a92676f-fbfe-43ad-8a28-3a16f16aca7b/abcd/mai,2,0,1
1583796110282,2,AutomationPerformanceTest,405,,AutomationThreadGroup 1-2,text,false, ,345,248,1,1,http://localhost:8086/peripherals/fedexoffice/v1/claims/9a92676f-fbfe-43ad-8a28-3a16f16aca7b/abcd/mai,2,0,0
1583796110284,2,AutomationPerformanceTest,405,,AutomationThreadGroup 1-2,text,false, ,345,248,1,1,http://localhost:8086/peripherals/fedexoffice/v1/claims/9a92676f-fbfe-43ad-8a28-3a16f16aca7b/abcd/mai,2,0,0
1583796110287,3,AutomationPerformanceTest,405,,AutomationThreadGroup 1-2,text,false, ,345,333,1,1,http://localhost:8086/peripherals/fedexoffice/v1/claims/%20%20%20%20%20%20%20%20%20%20%20%20%20%20%20%20%20%20%20%20%20%20%20%20%20%20%20%20%20%20%20%20%20%20%20%20%20%20%20%20/abcd/body,2,0,0
